Data,Asset,Net_NC,Net_Comm
1970-01-01 00:00:00.000230103,CAD,-26766,24541
1970-01-01 00:00:00.000230103,CHF,-2854,6431
1970-01-01 00:00:00.000230103,Soybeans,148639,-111329
1970-01-01 00:00:00.000230103,Corn,267532,-217117
1970-01-01 00:00:00.000230103,GBP,-20301,29692
1970-01-01 00:00:00.000230103,JPY,-46864,46773
1970-01-01 00:00:00.000230103,Coffee,-812,-641
1970-01-01 00:00:00.000230103,Nasdaq,1362,4177
1970-01-01 00:00:00.000230103,SPX,-167301,166552
1970-01-01 00:00:00.000230103,Cocoa,27838,-31978
1970-01-01 00:00:00.000230103,10Y UST,-383602,467443
1970-01-01 00:00:00.000230103,AUD,-36267,39595
1970-01-01 00:00:00.000230103,Sugar,228492,-273497
1970-01-01 00:00:00.000230103,Copper,-4675,-163
1970-01-01 00:00:00.000230103,Russell 2000,-65361,65079
1970-01-01 00:00:00.000230103,Gold,141666,-159974
1970-01-01 00:00:00.000230103,Crude Oil,227607,-249040
1970-01-01 00:00:00.000230103,Silver,30934,-44211
1970-01-01 00:00:00.000230103,VIX,-68000,75329
1970-01-01 00:00:00.000230103,EUR,129915,-174081
1970-01-01 00:00:00.000230103,Nikkei,-2974,2892
1970-01-01 00:00:00.000230103,BTC,389,-578
1970-01-01 00:00:00.000230103,Wheat,-32291,37636
1970-01-01 00:00:00.000230103,USD Index,17761,-20204
1970-01-01 00:00:00.000230110,Nasdaq,-8151,13928
1970-01-01 00:00:00.000230110,BTC,-594,-29
1970-01-01 00:00:00.000230110,10Y UST,-411358,488454
1970-01-01 00:00:00.000230110,Cocoa,27221,-31199
1970-01-01 00:00:00.000230110,Nikkei,-2719,2717
1970-01-01 00:00:00.000230110,Russell 2000,-58128,54539
1970-01-01 00:00:00.000230110,Crude Oil,205236,-225502
1970-01-01 00:00:00.000230110,EUR,134982,-182210
1970-01-01 00:00:00.000230110,SPX,-213174,202933
1970-01-01 00:00:00.000230110,Gold,150535,-172478
1970-01-01 00:00:00.000230110,Copper,10227,-16253
1970-01-01 00:00:00.000230110,JPY,-35377,34488
1970-01-01 00:00:00.000230110,VIX,-72807,79810
1970-01-01 00:00:00.000230110,USD Index,16540,-19280
1970-01-01 00:00:00.000230110,Corn,233795,-182611
1970-01-01 00:00:00.000230110,GBP,-29456,35268
1970-01-01 00:00:00.000230110,Silver,29013,-42925
1970-01-01 00:00:00.000230110,AUD,-33690,32210
1970-01-01 00:00:00.000230110,Sugar,187713,-232509
1970-01-01 00:00:00.000230110,CAD,-30955,27265
1970-01-01 00:00:00.000230110,Wheat,-39716,43529
1970-01-01 00:00:00.000230110,Soybeans,140328,-104166
1970-01-01 00:00:00.000230110,CHF,-7370,8206
1970-01-01 00:00:00.000230110,Coffee,-14739,11310
1970-01-01 00:00:00.000230117,Corn,271873,-213798
1970-01-01 00:00:00.000230117,GBP,-24697,31436
1970-01-01 00:00:00.000230117,CHF,-7941,11357
1970-01-01 00:00:00.000230117,CAD,-27259,27488
1970-01-01 00:00:00.000230117,Wheat,-42014,45261
1970-01-01 00:00:00.000230117,BTC,-627,337
1970-01-01 00:00:00.000230117,VIX,-52355,55595
1970-01-01 00:00:00.000230117,USD Index,13358,-15570
1970-01-01 00:00:00.000230117,JPY,-22961,18084
1970-01-01 00:00:00.000230117,Nikkei,-3825,4340
1970-01-01 00:00:00.000230117,EUR,126984,-179074
1970-01-01 00:00:00.000230117,Coffee,-26745,24251
1970-01-01 00:00:00.000230117,Crude Oil,239218,-255599
1970-01-01 00:00:00.000230117,Russell 2000,-62915,59423
1970-01-01 00:00:00.000230117,Silver,31468,-45367
1970-01-01 00:00:00.000230117,Gold,153240,-175913
1970-01-01 00:00:00.000230117,Cocoa,27698,-31155
1970-01-01 00:00:00.000230117,10Y UST,-545057,615855
1970-01-01 00:00:00.000230117,Copper,16238,-22695
1970-01-01 00:00:00.000230117,SPX,-226818,231163
1970-01-01 00:00:00.000230117,AUD,-33620,25936
1970-01-01 00:00:00.000230117,Nasdaq,-20633,30544
1970-01-01 00:00:00.000230117,Sugar,186698,-233144
1970-01-01 00:00:00.000230117,Soybeans,169065,-130790
1970-01-01 00:00:00.000230124,USD Index,15163,-17909
1970-01-01 00:00:00.000230124,Nikkei,-4712,5546
1970-01-01 00:00:00.000230124,EUR,134349,-186450
1970-01-01 00:00:00.000230124,Nasdaq,-25261,37079
1970-01-01 00:00:00.000230124,Silver,25684,-39461
1970-01-01 00:00:00.000230124,VIX,-53149,58259
1970-01-01 00:00:00.000230124,Cocoa,24941,-28978
1970-01-01 00:00:00.000230124,Wheat,-48320,50423
1970-01-01 00:00:00.000230124,Sugar,185084,-229339
1970-01-01 00:00:00.000230124,SPX,-208991,202765
1970-01-01 00:00:00.000230124,10Y UST,-541821,598839
1970-01-01 00:00:00.000230124,AUD,-33171,29706
1970-01-01 00:00:00.000230124,Coffee,-22728,20167
1970-01-01 00:00:00.000230124,Gold,157673,-180554
1970-01-01 00:00:00.000230124,Copper,20170,-26542
1970-01-01 00:00:00.000230124,GBP,-23934,27654
1970-01-01 00:00:00.000230124,Crude Oil,249799,-273246
1970-01-01 00:00:00.000230124,CAD,-30712,29159
1970-01-01 00:00:00.000230124,Soybeans,155222,-117945
1970-01-01 00:00:00.000230124,CHF,-9508,11565
1970-01-01 00:00:00.000230124,BTC,-1437,912
1970-01-01 00:00:00.000230124,Corn,277369,-205662
1970-01-01 00:00:00.000230124,Russell 2000,-67401,61283
1970-01-01 00:00:00.000230124,JPY,-21635,17145
1970-01-01 00:00:00.000230131,Nasdaq,-15858,32053
1970-01-01 00:00:00.000230131,Nikkei,-5072,5452
1970-01-01 00:00:00.000230131,SPX,-222257,234786
1970-01-01 00:00:00.000230131,AUD,-30592,23162
1970-01-01 00:00:00.000230131,Russell 2000,-63024,57143
1970-01-01 00:00:00.000230131,Silver,27316,-40434
1970-01-01 00:00:00.000230131,Wheat,-40060,41564
1970-01-01 00:00:00.000230131,Soybeans,178398,-137153
1970-01-01 00:00:00.000230131,JPY,-20060,18179
1970-01-01 00:00:00.000230131,Cocoa,25159,-27818
1970-01-01 00:00:00.000230131,10Y UST,-555471,623943
1970-01-01 00:00:00.000230131,VIX,-66918,69707
1970-01-01 00:00:00.000230131,CHF,-8314,11816
1970-01-01 00:00:00.000230131,Crude Oil,243820,-266622
1970-01-01 00:00:00.000230131,BTC,-1799,920
1970-01-01 00:00:00.000230131,USD Index,16537,-19776
1970-01-01 00:00:00.000230131,CAD,-30184,27637
1970-01-01 00:00:00.000230131,Gold,160281,-180520
1970-01-01 00:00:00.000230131,Sugar,247072,-292448
1970-01-01 00:00:00.000230131,GBP,-18317,28668
1970-01-01 00:00:00.000230131,Coffee,-1881,-926
1970-01-01 00:00:00.000230131,Corn,296812,-225622
1970-01-01 00:00:00.000230131,Copper,17215,-24414
1970-01-01 00:00:00.000230131,EUR,150509,-203589
1970-01-01 00:00:00.000230207,JPY,-29089,33346
1970-01-01 00:00:00.000230207,Silver,13531,-29679
1970-01-01 00:00:00.000230207,EUR,165038,-211746
1970-01-01 00:00:00.000230207,USD Index,12269,-15503
1970-01-01 00:00:00.000230207,VIX,-64731,71351
1970-01-01 00:00:00.000230207,Gold,128815,-152966
1970-01-01 00:00:00.000230207,10Y UST,-585900,655991
1970-01-01 00:00:00.000230207,Cocoa,22431,-23198
1970-01-01 00:00:00.000230207,Soybeans,174813,-133790
1970-01-01 00:00:00.000230207,SPX,-217545,214876
1970-01-01 00:00:00.000230207,AUD,-28105,22741
1970-01-01 00:00:00.000230207,Coffee,2084,-3039
1970-01-01 00:00:00.000230207,Copper,2505,-11187
1970-01-01 00:00:00.000230207,Sugar,235980,-282317
1970-01-01 00:00:00.000230207,Nasdaq,-14919,30152
1970-01-01 00:00:00.000230207,GBP,-14121,31346
1970-01-01 00:00:00.000230207,Corn,282350,-204425
1970-01-01 00:00:00.000230207,CAD,-33091,31946
1970-01-01 00:00:00.000230207,Russell 2000,-75146,65894
1970-01-01 00:00:00.000230207,CHF,-6368,10804
1970-01-01 00:00:00.000230207,Crude Oil,224151,-244548
1970-01-01 00:00:00.000230207,BTC,-1178,567
1970-01-01 00:00:00.000230207,Nikkei,-3112,3501
1970-01-01 00:00:00.000230207,Wheat,-46299,48915
1970-01-01 00:00:00.000230214,Nasdaq,-22824,43337
1970-01-01 00:00:00.000230214,Cocoa,28858,-33683
1970-01-01 00:00:00.000230214,USD Index,11974,-16141
1970-01-01 00:00:00.000230214,Soybeans,191886,-149773
1970-01-01 00:00:00.000230214,JPY,-27843,35769
1970-01-01 00:00:00.000230214,GBP,-19795,34015
1970-01-01 00:00:00.000230214,Corn,304712,-223604
1970-01-01 00:00:00.000230214,CHF,-7468,12082
1970-01-01 00:00:00.000230214,Crude Oil,227541,-247370
1970-01-01 00:00:00.000230214,CAD,-35494,36358
1970-01-01 00:00:00.000230214,Russell 2000,-63908,56535
1970-01-01 00:00:00.000230214,Wheat,-34124,38087
1970-01-01 00:00:00.000230214,10Y UST,-562935,661459
1970-01-01 00:00:00.000230214,Sugar,238826,-279379
1970-01-01 00:00:00.000230214,EUR,163906,-211790
1970-01-01 00:00:00.000230214,Nikkei,-2282,2407
1970-01-01 00:00:00.000230214,Silver,11506,-25822
1970-01-01 00:00:00.000230214,AUD,-28907,23735
1970-01-01 00:00:00.000230214,BTC,-783,365
1970-01-01 00:00:00.000230214,Coffee,5050,-6755
1970-01-01 00:00:00.000230214,Copper,-5511,-2302
1970-01-01 00:00:00.000230214,SPX,-246454,251135
1970-01-01 00:00:00.000230214,VIX,-56197,61511
1970-01-01 00:00:00.000230214,Gold,105529,-129072
1970-01-01 00:00:00.000230221,SPX,-234291,241153
1970-01-01 00:00:00.000230221,Wheat,-47488,47552
1970-01-01 00:00:00.000230221,Crude Oil,219671,-241297
1970-01-01 00:00:00.000230221,Coffee,12316,-14198
1970-01-01 00:00:00.000230221,Copper,2049,-8510
1970-01-01 00:00:00.000230221,Silver,9902,-23050
1970-01-01 00:00:00.000230221,AUD,-24788,25049
1970-01-01 00:00:00.000230221,BTC,-812,438
1970-01-01 00:00:00.000230221,Cocoa,46085,-51594
1970-01-01 00:00:00.000230221,Russell 2000,-54548,48858
1970-01-01 00:00:00.000230221,10Y UST,-500660,590357
1970-01-01 00:00:00.000230221,CAD,-37503,39753
1970-01-01 00:00:00.000230221,Nasdaq,-14069,34620
1970-01-01 00:00:00.000230221,Soybeans,193260,-150141
1970-01-01 00:00:00.000230221,CHF,-6520,12058
1970-01-01 00:00:00.000230221,Sugar,233338,-277742
1970-01-01 00:00:00.000230221,Gold,107101,-129355
1970-01-01 00:00:00.000230221,Corn,283023,-209635
1970-01-01 00:00:00.000230221,VIX,-56108,62408
1970-01-01 00:00:00.000230221,EUR,165068,-213818
1970-01-01 00:00:00.000230221,JPY,-34029,46889
1970-01-01 00:00:00.000230221,Nikkei,-2022,1824
1970-01-01 00:00:00.000230221,GBP,-21416,37641
1970-01-01 00:00:00.000230221,USD Index,12198,-16640
1970-01-01 00:00:00.000230228,Gold,108593,-127487
1970-01-01 00:00:00.000230228,VIX,-55296,57328
1970-01-01 00:00:00.000230228,10Y UST,-627947,728799
1970-01-01 00:00:00.000230228,SPX,-183891,184866
1970-01-01 00:00:00.000230228,Coffee,16397,-17751
1970-01-01 00:00:00.000230228,AUD,-24165,28578
1970-01-01 00:00:00.000230228,Nikkei,-2001,2109
1970-01-01 00:00:00.000230228,Silver,-54,-13152
1970-01-01 00:00:00.000230228,BTC,-599,286
1970-01-01 00:00:00.000230228,Copper,-6038,-31
1970-01-01 00:00:00.000230228,EUR,162199,-211903
1970-01-01 00:00:00.000230228,Sugar,223799,-263993
1970-01-01 00:00:00.000230228,Wheat,-66762,66129
1970-01-01 00:00:00.000230228,JPY,-58678,70521
1970-01-01 00:00:00.000230228,Russell 2000,-42831,41374
1970-01-01 00:00:00.000230228,Corn,143131,-75346
1970-01-01 00:00:00.000230228,CHF,-4917,15439
1970-01-01 00:00:00.000230228,GBP,-23724,36441
1970-01-01 00:00:00.000230228,Crude Oil,215314,-231298
1970-01-01 00:00:00.000230228,USD Index,11876,-16026
1970-01-01 00:00:00.000230228,CAD,-36074,38460
1970-01-01 00:00:00.000230228,Cocoa,55413,-59813
1970-01-01 00:00:00.000230228,Soybeans,158421,-117888
1970-01-01 00:00:00.000230228,Nasdaq,-23829,42004
1970-01-01 00:00:00.000230307,Copper,-7720,-912
1970-01-01 00:00:00.000230307,GBP,-17402,33913
1970-01-01 00:00:00.000230307,Gold,98474,-118920
1970-01-01 00:00:00.000230307,Soybeans,180199,-141361
1970-01-01 00:00:00.000230307,USD Index,12556,-15632
1970-01-01 00:00:00.000230307,VIX,-61951,62611
1970-01-01 00:00:00.000230307,Corn,103272,-44172
1970-01-01 00:00:00.000230307,EUR,148448,-202628
1970-01-01 00:00:00.000230307,JPY,-75303,89603
1970-01-01 00:00:00.000230307,Wheat,-73265,71083
1970-01-01 00:00:00.000230307,CAD,-29202,39469
1970-01-01 00:00:00.000230307,CHF,-3950,14830
1970-01-01 00:00:00.000230307,Nasdaq,-12425,36075
1970-01-01 00:00:00.000230307,Crude Oil,206901,-234489
1970-01-01 00:00:00.000230307,Russell 2000,-50491,45086
1970-01-01 00:00:00.000230307,Nikkei,-3466,2553
1970-01-01 00:00:00.000230307,10Y UST,-556073,676329
1970-01-01 00:00:00.000230307,SPX,-209482,237677
1970-01-01 00:00:00.000230307,Coffee,15063,-15852
1970-01-01 00:00:00.000230307,Sugar,240709,-289588
1970-01-01 00:00:00.000230307,Silver,-7782,-5613
1970-01-01 00:00:00.000230307,AUD,-24824,35999
1970-01-01 00:00:00.000230307,BTC,41,-152
1970-01-01 00:00:00.000230307,Cocoa,54700,-59008
1970-01-01 00:00:00.000230314,EUR,139956,-186869
1970-01-01 00:00:00.000230314,BTC,-102,-283
1970-01-01 00:00:00.000230314,Nikkei,-2368,1251
1970-01-01 00:00:00.000230314,Wheat,-65314,65054
1970-01-01 00:00:00.000230314,VIX,-61505,66335
1970-01-01 00:00:00.000230314,AUD,-40091,53129
1970-01-01 00:00:00.000230314,CAD,-31715,36369
1970-01-01 00:00:00.000230314,Russell 2000,-49303,49431
1970-01-01 00:00:00.000230314,Soybeans,167994,-130481
1970-01-01 00:00:00.000230314,Cocoa,32019,-36114
1970-01-01 00:00:00.000230314,Nasdaq,-6472,35052
1970-01-01 00:00:00.000230314,CHF,-9965,13318
1970-01-01 00:00:00.000230314,Coffee,12310,-12998
1970-01-01 00:00:00.000230314,SPX,-119819,183204
1970-01-01 00:00:00.000230314,Silver,-1219,-9237
1970-01-01 00:00:00.000230314,Copper,-14156,7107
1970-01-01 00:00:00.000230314,Sugar,231143,-279432
1970-01-01 00:00:00.000230314,10Y UST,-507366,577136
1970-01-01 00:00:00.000230314,Gold,140331,-155440
1970-01-01 00:00:00.000230314,Crude Oil,176219,-212633
1970-01-01 00:00:00.000230314,JPY,-74794,85994
1970-01-01 00:00:00.000230314,GBP,-17314,25702
1970-01-01 00:00:00.000230314,Corn,43777,19683
1970-01-01 00:00:00.000230314,USD Index,13757,-17002
1970-01-01 00:00:00.000230321,Nasdaq,-5120,16858
1970-01-01 00:00:00.000230321,10Y UST,-571029,540067
1970-01-01 00:00:00.000230321,Crude Oil,154341,-178904
1970-01-01 00:00:00.000230321,SPX,-202480,266455
1970-01-01 00:00:00.000230321,AUD,-38459,50554
1970-01-01 00:00:00.000230321,Nikkei,-930,795
1970-01-01 00:00:00.000230321,BTC,-621,-103
1970-01-01 00:00:00.000230321,Copper,-12351,7536
1970-01-01 00:00:00.000230321,Silver,3462,-12681
1970-01-01 00:00:00.000230321,EUR,144842,-191171
1970-01-01 00:00:00.000230321,VIX,-49649,52093
1970-01-01 00:00:00.000230321,GBP,-20498,25506
1970-01-01 00:00:00.000230321,Gold,158605,-183568
1970-01-01 00:00:00.000230321,Coffee,18696,-17673
1970-01-01 00:00:00.000230321,Corn,59476,3793
1970-01-01 00:00:00.000230321,CHF,-7297,12611
1970-01-01 00:00:00.000230321,JPY,-66345,72484
1970-01-01 00:00:00.000230321,Soybeans,171787,-141848
1970-01-01 00:00:00.000230321,CAD,-56821,64449
1970-01-01 00:00:00.000230321,USD Index,14144,-16708
1970-01-01 00:00:00.000230321,Cocoa,37846,-42636
1970-01-01 00:00:00.000230321,Wheat,-59203,59325
1970-01-01 00:00:00.000230321,Russell 2000,-44988,44694
1970-01-01 00:00:00.000230321,Sugar,210656,-258522
1970-01-01 00:00:00.000230328,Nikkei,-1094,1344
1970-01-01 00:00:00.000230328,Russell 2000,-42750,43502
1970-01-01 00:00:00.000230328,Nasdaq,-7348,14846
1970-01-01 00:00:00.000230328,Copper,-1545,-4924
1970-01-01 00:00:00.000230328,Silver,13361,-21875
1970-01-01 00:00:00.000230328,Coffee,16751,-15709
1970-01-01 00:00:00.000230328,Sugar,222829,-275157
1970-01-01 00:00:00.000230328,10Y UST,-471578,436497
1970-01-01 00:00:00.000230328,Cocoa,61273,-65418
1970-01-01 00:00:00.000230328,Crude Oil,181069,-191616
1970-01-01 00:00:00.000230328,Wheat,-60545,60324
1970-01-01 00:00:00.000230328,VIX,-42177,45771
1970-01-01 00:00:00.000230328,EUR,145025,-191248
1970-01-01 00:00:00.000230328,USD Index,12719,-15085
1970-01-01 00:00:00.000230328,CAD,-56825,63417
1970-01-01 00:00:00.000230328,Soybeans,161020,-129321
1970-01-01 00:00:00.000230328,CHF,-6074,10733
1970-01-01 00:00:00.000230328,Gold,181630,-201508
1970-01-01 00:00:00.000230328,GBP,-24084,22577
1970-01-01 00:00:00.000230328,Corn,71528,-12518
1970-01-01 00:00:00.000230328,JPY,-53975,57562
1970-01-01 00:00:00.000230328,BTC,-276,-271
1970-01-01 00:00:00.000230328,AUD,-35353,45830
1970-01-01 00:00:00.000230328,SPX,-224656,270978
1970-01-01 00:00:00.000230404,SPX,-321459,281472
1970-01-01 00:00:00.000230404,BTC,-615,-183
1970-01-01 00:00:00.000230404,AUD,-27233,36837
1970-01-01 00:00:00.000230404,Nikkei,-3279,1784
1970-01-01 00:00:00.000230404,CHF,-8003,10822
1970-01-01 00:00:00.000230404,Soybeans,184345,-163267
1970-01-01 00:00:00.000230404,CAD,-58509,58148
1970-01-01 00:00:00.000230404,Gold,195216,-218250
1970-01-01 00:00:00.000230404,Copper,-2954,-4897
1970-01-01 00:00:00.000230404,Silver,21283,-31435
1970-01-01 00:00:00.000230404,Coffee,12648,-13119
1970-01-01 00:00:00.000230404,GBP,-14793,8881
1970-01-01 00:00:00.000230404,Corn,85690,-53314
1970-01-01 00:00:00.000230404,Wheat,-60799,54864
1970-01-01 00:00:00.000230404,VIX,-57086,56391
1970-01-01 00:00:00.000230404,EUR,143393,-194787
1970-01-01 00:00:00.000230404,USD Index,14106,-16154
1970-01-01 00:00:00.000230404,JPY,-57036,52266
1970-01-01 00:00:00.000230404,Sugar,246651,-304019
1970-01-01 00:00:00.000230404,10Y UST,-621031,618359
1970-01-01 00:00:00.000230404,Cocoa,60245,-64227
1970-01-01 00:00:00.000230404,Crude Oil,226127,-239970
1970-01-01 00:00:00.000230404,Russell 2000,-56956,61943
1970-01-01 00:00:00.000230404,Nasdaq,-18385,12556
1970-01-01 00:00:00.000230411,Gold,192745,-216548
1970-01-01 00:00:00.000230411,BTC,-1122,373
1970-01-01 00:00:00.000230411,Sugar,259788,-317308
1970-01-01 00:00:00.000230411,Copper,-4303,-1217
1970-01-01 00:00:00.000230411,Silver,23718,-36255
1970-01-01 00:00:00.000230411,Coffee,24877,-25241
1970-01-01 00:00:00.000230411,Crude Oil,235632,-255411
1970-01-01 00:00:00.000230411,10Y UST,-639037,622661
1970-01-01 00:00:00.000230411,Cocoa,59913,-65075
1970-01-01 00:00:00.000230411,Nasdaq,-2130,7920
1970-01-01 00:00:00.000230411,JPY,-57207,56349
1970-01-01 00:00:00.000230411,USD Index,13264,-15012
1970-01-01 00:00:00.000230411,AUD,-37937,47070
1970-01-01 00:00:00.000230411,GBP,-2398,-5341
1970-01-01 00:00:00.000230411,Corn,103309,-45283
1970-01-01 00:00:00.000230411,VIX,-49366,49252
1970-01-01 00:00:00.000230411,Russell 2000,-45131,46801
1970-01-01 00:00:00.000230411,Nikkei,-2114,1673
1970-01-01 00:00:00.000230411,EUR,163338,-212065
1970-01-01 00:00:00.000230411,SPX,-307612,342012
1970-01-01 00:00:00.000230411,CHF,-6734,9736
1970-01-01 00:00:00.000230411,Soybeans,179346,-148511
1970-01-01 00:00:00.000230411,CAD,-56579,58205
1970-01-01 00:00:00.000230411,Wheat,-66682,62318
1970-01-01 00:00:00.000230418,Russell 2000,-59162,64474
1970-01-01 00:00:00.000230418,Crude Oil,244575,-273247
1970-01-01 00:00:00.000230418,Wheat,-70536,65243
1970-01-01 00:00:00.000230418,CAD,-46233,42194
1970-01-01 00:00:00.000230418,Coffee,37001,-38309
1970-01-01 00:00:00.000230418,CHF,-4720,3386
1970-01-01 00:00:00.000230418,GBP,1302,-7995
1970-01-01 00:00:00.000230418,Silver,26595,-38656
1970-01-01 00:00:00.000230418,Gold,189893,-216425
1970-01-01 00:00:00.000230418,Soybeans,177510,-149491
1970-01-01 00:00:00.000230418,Copper,8934,-16280
1970-01-01 00:00:00.000230418,EUR,164361,-213285
1970-01-01 00:00:00.000230418,VIX,-63761,65590
1970-01-01 00:00:00.000230418,Nasdaq,2673,6417
1970-01-01 00:00:00.000230418,Cocoa,59355,-64143
1970-01-01 00:00:00.000230418,Sugar,269172,-326198
1970-01-01 00:00:00.000230418,Corn,105636,-41244
1970-01-01 00:00:00.000230418,JPY,-56869,61645
1970-01-01 00:00:00.000230418,10Y UST,-680081,638740
1970-01-01 00:00:00.000230418,USD Index,10513,-11955
1970-01-01 00:00:00.000230418,SPX,-344257,359830
1970-01-01 00:00:00.000230418,AUD,-42356,50557
1970-01-01 00:00:00.000230418,BTC,-489,-176
1970-01-01 00:00:00.000230418,Nikkei,-2556,1555
1970-01-01 00:00:00.000230425,JPY,-68744,72625
1970-01-01 00:00:00.000230425,GBP,5839,-10530
1970-01-01 00:00:00.000230425,SPX,-363267,386640
1970-01-01 00:00:00.000230425,USD Index,10739,-12711
1970-01-01 00:00:00.000230425,EUR,169400,-224437
1970-01-01 00:00:00.000230425,VIX,-81850,82906
1970-01-01 00:00:00.000230425,Crude Oil,236438,-271197
1970-01-01 00:00:00.000230425,Cocoa,61714,-66251
1970-01-01 00:00:00.000230425,10Y UST,-740261,685216
1970-01-01 00:00:00.000230425,Gold,185264,-211928
1970-01-01 00:00:00.000230425,BTC,-293,-296
1970-01-01 00:00:00.000230425,CAD,-43791,45878
1970-01-01 00:00:00.000230425,CHF,-3656,2701
1970-01-01 00:00:00.000230425,Sugar,279528,-335640
1970-01-01 00:00:00.000230425,Coffee,36592,-37705
1970-01-01 00:00:00.000230425,Silver,30603,-41523
1970-01-01 00:00:00.000230425,Copper,-17042,8304
1970-01-01 00:00:00.000230425,AUD,-39462,53746
1970-01-01 00:00:00.000230425,Nikkei,-2572,1806
1970-01-01 00:00:00.000230425,Russell 2000,-52119,57566
1970-01-01 00:00:00.000230425,Wheat,-83188,75369
1970-01-01 00:00:00.000230425,Nasdaq,5130,3469
1970-01-01 00:00:00.000230425,Corn,24648,34700
1970-01-01 00:00:00.000230425,Soybeans,104096,-76491
1970-01-01 00:00:00.000230502,Russell 2000,-59416,63996
1970-01-01 00:00:00.000230502,Nikkei,-3005,1837
1970-01-01 00:00:00.000230502,10Y UST,-749147,687947
1970-01-01 00:00:00.000230502,Nasdaq,13290,-501
1970-01-01 00:00:00.000230502,SPX,-355411,381267
1970-01-01 00:00:00.000230502,AUD,-45010,56552
1970-01-01 00:00:00.000230502,CHF,-2999,2567
1970-01-01 00:00:00.000230502,GBP,1065,-4817
1970-01-01 00:00:00.000230502,JPY,-68324,77521
1970-01-01 00:00:00.000230502,BTC,168,-819
1970-01-01 00:00:00.000230502,Soybeans,75120,-48516
1970-01-01 00:00:00.000230502,CAD,-50096,56587
1970-01-01 00:00:00.000230502,Sugar,267347,-322392
1970-01-01 00:00:00.000230502,Coffee,33541,-34493
1970-01-01 00:00:00.000230502,Silver,31952,-45174
1970-01-01 00:00:00.000230502,Corn,-60633,113259
1970-01-01 00:00:00.000230502,Copper,-21742,15936
1970-01-01 00:00:00.000230502,Gold,195567,-217584
1970-01-01 00:00:00.000230502,Cocoa,57951,-62471
1970-01-01 00:00:00.000230502,Crude Oil,214845,-252905
1970-01-01 00:00:00.000230502,Wheat,-90203,83370
1970-01-01 00:00:00.000230502,EUR,173489,-221703
1970-01-01 00:00:00.000230502,VIX,-79979,80940
1970-01-01 00:00:00.000230502,USD Index,11350,-13297
1970-01-01 00:00:00.000230509,Sugar,276610,-331356
1970-01-01 00:00:00.000230509,Crude Oil,216628,-239456
1970-01-01 00:00:00.000230509,AUD,-49193,56897
1970-01-01 00:00:00.000230509,Cocoa,62029,-66804
1970-01-01 00:00:00.000230509,EUR,179422,-234260
1970-01-01 00:00:00.000230509,USD Index,11156,-12626
1970-01-01 00:00:00.000230509,Corn,-59093,103652
1970-01-01 00:00:00.000230509,Nasdaq,21387,-10922
1970-01-01 00:00:00.000230509,JPY,-61015,69162
1970-01-01 00:00:00.000230509,GBP,4528,-11528
1970-01-01 00:00:00.000230509,Wheat,-84775,80623
1970-01-01 00:00:00.000230509,VIX,-67847,70944
1970-01-01 00:00:00.000230509,Copper,-24865,19732
1970-01-01 00:00:00.000230509,Silver,32360,-46190
1970-01-01 00:00:00.000230509,Coffee,29737,-30800
1970-01-01 00:00:00.000230509,Gold,195814,-222515
1970-01-01 00:00:00.000230509,CHF,-4467,4759
1970-01-01 00:00:00.000230509,Soybeans,64275,-38568
1970-01-01 00:00:00.000230509,CAD,-42263,41957
1970-01-01 00:00:00.000230509,10Y UST,-731698,641595
1970-01-01 00:00:00.000230509,Nikkei,-2696,1547
1970-01-01 00:00:00.000230509,BTC,423,-1131
1970-01-01 00:00:00.000230509,Russell 2000,-59673,66997
1970-01-01 00:00:00.000230509,SPX,-376023,397887
1970-01-01 00:00:00.000230516,USD Index,9514,-12357
1970-01-01 00:00:00.000230516,Nasdaq,19964,-7158
1970-01-01 00:00:00.000230516,JPY,-64791,76137
1970-01-01 00:00:00.000230516,BTC,1011,-1463
1970-01-01 00:00:00.000230516,Corn,-48459,102625
1970-01-01 00:00:00.000230516,CHF,-1859,2838
1970-01-01 00:00:00.000230516,AUD,-53594,61902
1970-01-01 00:00:00.000230516,Crude Oil,191469,-215612
1970-01-01 00:00:00.000230516,GBP,12593,-17729
1970-01-01 00:00:00.000230516,Nikkei,-4527,2821
1970-01-01 00:00:00.000230516,SPX,-388721,415658
1970-01-01 00:00:00.000230516,Wheat,-81412,75798
1970-01-01 00:00:00.000230516,VIX,-54382,56035
1970-01-01 00:00:00.000230516,EUR,187089,-238333
1970-01-01 00:00:00.000230516,Sugar,270829,-323383
1970-01-01 00:00:00.000230516,Cocoa,64055,-69194
1970-01-01 00:00:00.000230516,Gold,179814,-211557
1970-01-01 00:00:00.000230516,CAD,-42990,44533
1970-01-01 00:00:00.000230516,Soybeans,38154,-11064
1970-01-01 00:00:00.000230516,Coffee,31035,-32224
1970-01-01 00:00:00.000230516,Silver,23815,-37067
1970-01-01 00:00:00.000230516,Russell 2000,-64003,70545
1970-01-01 00:00:00.000230516,Copper,-32607,28695
1970-01-01 00:00:00.000230516,10Y UST,-692442,570703
1970-01-01 00:00:00.000230523,Nasdaq,14509,-5669
1970-01-01 00:00:00.000230523,USD Index,11240,-13869
1970-01-01 00:00:00.000230523,Silver,21958,-34972
1970-01-01 00:00:00.000230523,Nikkei,-5512,4906
1970-01-01 00:00:00.000230523,EUR,173736,-224195
1970-01-01 00:00:00.000230523,BTC,893,-1245
1970-01-01 00:00:00.000230523,Coffee,32748,-33373
1970-01-01 00:00:00.000230523,CHF,-903,1691
1970-01-01 00:00:00.000230523,GBP,11589,-16676
1970-01-01 00:00:00.000230523,Soybeans,29205,-2404
1970-01-01 00:00:00.000230523,CAD,-48526,49140
1970-01-01 00:00:00.000230523,SPX,-404292,422107
1970-01-01 00:00:00.000230523,Russell 2000,-48893,55396
1970-01-01 00:00:00.000230523,Corn,-62267,115832
1970-01-01 00:00:00.000230523,Gold,160732,-187023
1970-01-01 00:00:00.000230523,JPY,-80660,92378
1970-01-01 00:00:00.000230523,Copper,-29808,27496
1970-01-01 00:00:00.000230523,Wheat,-86319,80586
1970-01-01 00:00:00.000230523,AUD,-49081,60043
1970-01-01 00:00:00.000230523,VIX,-64627,68150
1970-01-01 00:00:00.000230523,Cocoa,65374,-70745
1970-01-01 00:00:00.000230523,Crude Oil,193119,-217386
1970-01-01 00:00:00.000230523,Sugar,273810,-323323
1970-01-01 00:00:00.000230523,10Y UST,-771638,682402
1970-01-01 00:00:00.000230530,Soybeans,29814,-4162
1970-01-01 00:00:00.000230530,Cocoa,65573,-71049
1970-01-01 00:00:00.000230530,CAD,-29914,39037
1970-01-01 00:00:00.000230530,Russell 2000,-63062,69338
1970-01-01 00:00:00.000230530,Sugar,250387,-293732
1970-01-01 00:00:00.000230530,10Y UST,-850421,758535
1970-01-01 00:00:00.000230530,Nasdaq,8512,4884
1970-01-01 00:00:00.000230530,Coffee,23620,-23623
1970-01-01 00:00:00.000230530,Copper,-35702,34259
1970-01-01 00:00:00.000230530,Gold,169316,-190005
1970-01-01 00:00:00.000230530,SPX,-434170,435558
1970-01-01 00:00:00.000230530,Nikkei,-6890,5673
1970-01-01 00:00:00.000230530,Silver,21124,-34536
1970-01-01 00:00:00.000230530,Crude Oil,162591,-192877
1970-01-01 00:00:00.000230530,JPY,-96193,106512
1970-01-01 00:00:00.000230530,Corn,-20407,72210
1970-01-01 00:00:00.000230530,GBP,13235,-15208
1970-01-01 00:00:00.000230530,EUR,165725,-214015
1970-01-01 00:00:00.000230530,Wheat,-93996,88847
1970-01-01 00:00:00.000230530,BTC,187,-624
1970-01-01 00:00:00.000230530,USD Index,12768,-16260
1970-01-01 00:00:00.000230530,VIX,-62470,65342
1970-01-01 00:00:00.000230530,AUD,-44126,59100
1970-01-01 00:00:00.000230530,CHF,-435,1533
1970-01-01 00:00:00.000230606,CHF,-1314,7048
1970-01-01 00:00:00.000230606,Coffee,28331,-28769
1970-01-01 00:00:00.000230606,Sugar,233868,-278395
1970-01-01 00:00:00.000230606,BTC,769,-1196
1970-01-01 00:00:00.000230606,10Y UST,-753701,693419
1970-01-01 00:00:00.000230606,Crude Oil,172442,-198377
1970-01-01 00:00:00.000230606,EUR,158421,-203916
1970-01-01 00:00:00.000230606,Russell 2000,-62588,62109
1970-01-01 00:00:00.000230606,VIX,-57810,59680
1970-01-01 00:00:00.000230606,CAD,-38329,38456
1970-01-01 00:00:00.000230606,SPX,-344531,350541
1970-01-01 00:00:00.000230606,GBP,12484,-14124
1970-01-01 00:00:00.000230606,Soybeans,39155,-16089
1970-01-01 00:00:00.000230606,Silver,21475,-34065
1970-01-01 00:00:00.000230606,USD Index,12219,-15163
1970-01-01 00:00:00.000230606,AUD,-56468,67496
1970-01-01 00:00:00.000230606,Gold,175641,-198187
1970-01-01 00:00:00.000230606,Nikkei,-7277,5123
1970-01-01 00:00:00.000230606,Nasdaq,8848,2471
1970-01-01 00:00:00.000230606,Cocoa,72234,-76549
1970-01-01 00:00:00.000230606,Wheat,-90684,85364
1970-01-01 00:00:00.000230606,JPY,-104817,113736
1970-01-01 00:00:00.000230606,Corn,-14771,66120
1970-01-01 00:00:00.000230606,Copper,-25956,24610
1970-01-01 00:00:00.000230613,AUD,-61745,73907
1970-01-01 00:00:00.000230613,SPX,-331413,308044
1970-01-01 00:00:00.000230613,Nikkei,-6608,5111
1970-01-01 00:00:00.000230613,Crude Oil,155074,-184272
1970-01-01 00:00:00.000230613,BTC,743,-1187
1970-01-01 00:00:00.000230613,JPY,-103976,118181
1970-01-01 00:00:00.000230613,Wheat,-86827,80576
1970-01-01 00:00:00.000230613,CAD,-36668,29376
1970-01-01 00:00:00.000230613,Corn,45092,12850
1970-01-01 00:00:00.000230613,Gold,160209,-186062
1970-01-01 00:00:00.000230613,Silver,23736,-38470
1970-01-01 00:00:00.000230613,EUR,151822,-197071
1970-01-01 00:00:00.000230613,VIX,-67421,67863
1970-01-01 00:00:00.000230613,Nasdaq,15680,-1252
1970-01-01 00:00:00.000230613,USD Index,13998,-16682
1970-01-01 00:00:00.000230613,Copper,-12906,12660
1970-01-01 00:00:00.000230613,Coffee,33494,-33426
1970-01-01 00:00:00.000230613,10Y UST,-691853,613538
1970-01-01 00:00:00.000230613,GBP,6735,-18600
1970-01-01 00:00:00.000230613,Sugar,251260,-298388
1970-01-01 00:00:00.000230613,Soybeans,62949,-36522
1970-01-01 00:00:00.000230613,Russell 2000,-75896,70626
1970-01-01 00:00:00.000230613,Cocoa,77939,-82214
1970-01-01 00:00:00.000230613,CHF,-5043,7033
1970-01-01 00:00:00.000230620,Nikkei,-7029,5392
1970-01-01 00:00:00.000230620,Silver,20058,-36210
1970-01-01 00:00:00.000230620,BTC,397,-927
1970-01-01 00:00:00.000230620,Coffee,27017,-27166
1970-01-01 00:00:00.000230620,Nasdaq,15993,-8872
1970-01-01 00:00:00.000230620,GBP,46608,-59003
1970-01-01 00:00:00.000230620,Soybeans,88532,-67634
1970-01-01 00:00:00.000230620,JPY,-107656,118272
1970-01-01 00:00:00.000230620,CHF,-4851,5236
1970-01-01 00:00:00.000230620,EUR,144649,-192723
1970-01-01 00:00:00.000230620,CAD,-33543,18758
1970-01-01 00:00:00.000230620,Corn,118773,-58030
1970-01-01 00:00:00.000230620,SPX,-239331,248779
1970-01-01 00:00:00.000230620,USD Index,14861,-16574
1970-01-01 00:00:00.000230620,Gold,162975,-186537
1970-01-01 00:00:00.000230620,Copper,1888,-4003
1970-01-01 00:00:00.000230620,Russell 2000,-72709,70994
1970-01-01 00:00:00.000230620,10Y UST,-749997,681043
1970-01-01 00:00:00.000230620,Wheat,-66364,63862
1970-01-01 00:00:00.000230620,Crude Oil,166477,-189918
1970-01-01 00:00:00.000230620,Cocoa,67342,-71968
1970-01-01 00:00:00.000230620,Sugar,261001,-310762
1970-01-01 00:00:00.000230620,AUD,-49616,50986
1970-01-01 00:00:00.000230620,VIX,-61056,60933
1970-01-01 00:00:00.000230627,CAD,-2847,-16734
1970-01-01 00:00:00.000230627,Copper,2940,-6439
1970-01-01 00:00:00.000230627,Gold,151910,-175335
1970-01-01 00:00:00.000230627,10Y UST,-800999,725405
1970-01-01 00:00:00.000230627,USD Index,14968,-17347
1970-01-01 00:00:00.000230627,Corn,113438,-60029
1970-01-01 00:00:00.000230627,CHF,-4946,7018
1970-01-01 00:00:00.000230627,Wheat,-47177,51292
1970-01-01 00:00:00.000230627,AUD,-39424,38822
1970-01-01 00:00:00.000230627,JPY,-112870,122366
1970-01-01 00:00:00.000230627,Soybeans,101849,-80229
1970-01-01 00:00:00.000230627,GBP,51994,-66801
1970-01-01 00:00:00.000230627,Russell 2000,-63700,59722
1970-01-01 00:00:00.000230627,Cocoa,71552,-75815
1970-01-01 00:00:00.000230627,Nasdaq,17242,-11371
1970-01-01 00:00:00.000230627,Silver,19052,-29327
1970-01-01 00:00:00.000230627,Nikkei,-6246,4562
1970-01-01 00:00:00.000230627,Sugar,220174,-248368
1970-01-01 00:00:00.000230627,Coffee,8495,-8052
1970-01-01 00:00:00.000230627,Crude Oil,138388,-166658
1970-01-01 00:00:00.000230627,EUR,145028,-193260
1970-01-01 00:00:00.000230627,BTC,-2094,990
1970-01-01 00:00:00.000230627,VIX,-64721,66509
1970-01-01 00:00:00.000230627,SPX,-208250,204853
1970-01-01 00:00:00.000230703,AUD,-44582,51374
1970-01-01 00:00:00.000230703,Wheat,-45464,51053
1970-01-01 00:00:00.000230703,Corn,46403,524
1970-01-01 00:00:00.000230703,BTC,-2076,1132
1970-01-01 00:00:00.000230703,VIX,-54924,58022
1970-01-01 00:00:00.000230703,EUR,142837,-189459
1970-01-01 00:00:00.000230703,USD Index,14317,-16580
1970-01-01 00:00:00.000230703,GBP,50265,-63664
1970-01-01 00:00:00.000230703,JPY,-117920,126010
1970-01-01 00:00:00.000230703,Gold,163097,-184717
1970-01-01 00:00:00.000230703,Copper,-8762,6613
1970-01-01 00:00:00.000230703,SPX,-207239,205791
1970-01-01 00:00:00.000230703,Crude Oil,141429,-170148
1970-01-01 00:00:00.000230703,Sugar,199368,-229713
1970-01-01 00:00:00.000230703,Coffee,1566,-878
1970-01-01 00:00:00.000230703,Nasdaq,5458,-3883
1970-01-01 00:00:00.000230703,Nikkei,-6185,4671
1970-01-01 00:00:00.000230703,Silver,17990,-29569
1970-01-01 00:00:00.000230703,Soybeans,90973,-71924
1970-01-01 00:00:00.000230703,Cocoa,72584,-75594
1970-01-01 00:00:00.000230703,CHF,-3404,7565
1970-01-01 00:00:00.000230703,10Y UST,-780678,719909
1970-01-01 00:00:00.000230703,CAD,4527,-18815
1970-01-01 00:00:00.000230703,Russell 2000,-67510,63856
1970-01-01 00:00:00.000230711,Wheat,-40411,45506
1970-01-01 00:00:00.000230711,AUD,-45084,54035
1970-01-01 00:00:00.000230711,Nikkei,-3871,1916
1970-01-01 00:00:00.000230711,Russell 2000,-65873,65463
1970-01-01 00:00:00.000230711,10Y UST,-635137,636943
1970-01-01 00:00:00.000230711,Sugar,196304,-226030
1970-01-01 00:00:00.000230711,Cocoa,70115,-74388
1970-01-01 00:00:00.000230711,VIX,-50733,52127
1970-01-01 00:00:00.000230711,Crude Oil,173433,-196688
1970-01-01 00:00:00.000230711,Corn,7811,35215
1970-01-01 00:00:00.000230711,CAD,4444,-14026
1970-01-01 00:00:00.000230711,Gold,165754,-187749
1970-01-01 00:00:00.000230711,USD Index,12011,-13577
1970-01-01 00:00:00.000230711,CHF,-7907,8165
1970-01-01 00:00:00.000230711,Soybeans,90863,-77180
1970-01-01 00:00:00.000230711,JPY,-117182,129077
1970-01-01 00:00:00.000230711,GBP,58063,-72701
1970-01-01 00:00:00.000230711,SPX,-208979,202437
1970-01-01 00:00:00.000230711,Nasdaq,10948,-8013
1970-01-01 00:00:00.000230711,Silver,20292,-31649
1970-01-01 00:00:00.000230711,BTC,-1855,804
1970-01-01 00:00:00.000230711,Coffee,-1606,1815
1970-01-01 00:00:00.000230711,EUR,140162,-192462
1970-01-01 00:00:00.000230711,Copper,-11157,7915
1970-01-01 00:00:00.000230718,Russell 2000,-65702,60957
1970-01-01 00:00:00.000230718,Nikkei,-2864,1564
1970-01-01 00:00:00.000230718,SPX,-263685,235997
1970-01-01 00:00:00.000230718,10Y UST,-629561,627008
1970-01-01 00:00:00.000230718,Sugar,196306,-226229
1970-01-01 00:00:00.000230718,Soybeans,107283,-81463
1970-01-01 00:00:00.000230718,USD Index,11067,-11617
1970-01-01 00:00:00.000230718,Corn,19870,31268
1970-01-01 00:00:00.000230718,Gold,193348,-213715
1970-01-01 00:00:00.000230718,BTC,-1161,196
1970-01-01 00:00:00.000230718,Nasdaq,1199,4393
1970-01-01 00:00:00.000230718,JPY,-90239,98195
1970-01-01 00:00:00.000230718,CHF,-10211,5927
1970-01-01 00:00:00.000230718,EUR,178832,-229343
1970-01-01 00:00:00.000230718,Cocoa,76488,-80964
1970-01-01 00:00:00.000230718,AUD,-50401,51045
1970-01-01 00:00:00.000230718,Wheat,-38703,43035
1970-01-01 00:00:00.000230718,Crude Oil,206099,-233490
1970-01-01 00:00:00.000230718,Silver,43862,-55983
1970-01-01 00:00:00.000230718,Copper,-3550,-1054
1970-01-01 00:00:00.000230718,CAD,521,-12991
1970-01-01 00:00:00.000230718,VIX,-40289,44518
1970-01-01 00:00:00.000230718,GBP,63729,-81606
1970-01-01 00:00:00.000230718,Coffee,-7005,6319
1970-01-01 00:00:00.000230725,EUR,177230,-234269
1970-01-01 00:00:00.000230725,USD Index,6054,-6339
1970-01-01 00:00:00.000230725,CAD,5530,-22096
1970-01-01 00:00:00.000230725,GBP,58995,-76984
1970-01-01 00:00:00.000230725,Nikkei,-2599,1803
1970-01-01 00:00:00.000230725,Soybeans,134982,-116876
1970-01-01 00:00:00.000230725,Crude Oil,225196,-250976
1970-01-01 00:00:00.000230725,CHF,-8431,3421
1970-01-01 00:00:00.000230725,SPX,-232615,215413
1970-01-01 00:00:00.000230725,Corn,70476,-6966
1970-01-01 00:00:00.000230725,JPY,-77752,86555
1970-01-01 00:00:00.000230725,BTC,-645,-178
1970-01-01 00:00:00.000230725,Gold,173639,-198210
1970-01-01 00:00:00.000230725,Copper,1159,-3904
1970-01-01 00:00:00.000230725,Russell 2000,-68769,63644
1970-01-01 00:00:00.000230725,Sugar,219814,-251397
1970-01-01 00:00:00.000230725,Nasdaq,-10672,7629
1970-01-01 00:00:00.000230725,Coffee,-5965,5003
1970-01-01 00:00:00.000230725,VIX,-42142,46392
1970-01-01 00:00:00.000230725,Wheat,-20555,27401
1970-01-01 00:00:00.000230725,10Y UST,-623771,599836
1970-01-01 00:00:00.000230725,Silver,36925,-49718
1970-01-01 00:00:00.000230725,AUD,-51201,49561
1970-01-01 00:00:00.000230725,Cocoa,77894,-81340
1970-01-01 00:00:00.000230801,CHF,-8747,4208
1970-01-01 00:00:00.000230801,Silver,30831,-44012
1970-01-01 00:00:00.000230801,Russell 2000,-66291,62300
1970-01-01 00:00:00.000230801,Copper,10744,-18149
1970-01-01 00:00:00.000230801,Coffee,-4953,3825
1970-01-01 00:00:00.000230801,10Y UST,-645186,650221
1970-01-01 00:00:00.000230801,Cocoa,78214,-81502
1970-01-01 00:00:00.000230801,CAD,6365,-23269
1970-01-01 00:00:00.000230801,Soybeans,113760,-95382
1970-01-01 00:00:00.000230801,Gold,164924,-186845
1970-01-01 00:00:00.000230801,Nasdaq,-11405,11867
1970-01-01 00:00:00.000230801,Sugar,211601,-246529
1970-01-01 00:00:00.000230801,BTC,-539,-86
1970-01-01 00:00:00.000230801,VIX,-42166,44263
1970-01-01 00:00:00.000230801,AUD,-51792,57270
1970-01-01 00:00:00.000230801,Wheat,-26077,31880
1970-01-01 00:00:00.000230801,EUR,172062,-221571
1970-01-01 00:00:00.000230801,JPY,-79216,83288
1970-01-01 00:00:00.000230801,Crude Oil,241859,-267239
1970-01-01 00:00:00.000230801,GBP,49562,-66719
1970-01-01 00:00:00.000230801,Nikkei,-846,-401
1970-01-01 00:00:00.000230801,Corn,80074,-18222
1970-01-01 00:00:00.000230801,SPX,-200048,185303
1970-01-01 00:00:00.000230801,USD Index,3115,-3589
1970-01-01 00:00:00.000230808,VIX,-44404,48882
1970-01-01 00:00:00.000230808,GBP,47020,-57879
1970-01-01 00:00:00.000230808,CAD,-623,-4617
1970-01-01 00:00:00.000230808,Wheat,-22794,25578
1970-01-01 00:00:00.000230808,Copper,-10057,4908
1970-01-01 00:00:00.000230808,Soybeans,83463,-63652
1970-01-01 00:00:00.000230808,EUR,149811,-195450
1970-01-01 00:00:00.000230808,CHF,-5452,4092
1970-01-01 00:00:00.000230808,JPY,-83180,89121
1970-01-01 00:00:00.000230808,Nasdaq,-10879,13627
1970-01-01 00:00:00.000230808,Corn,25727,26794
1970-01-01 00:00:00.000230808,Gold,142985,-167554
1970-01-01 00:00:00.000230808,USD Index,2624,-2678
1970-01-01 00:00:00.000230808,Nikkei,-666,-453
1970-01-01 00:00:00.000230808,Russell 2000,-64511,63253
1970-01-01 00:00:00.000230808,Crude Oil,255928,-278338
1970-01-01 00:00:00.000230808,BTC,-1149,456
1970-01-01 00:00:00.000230808,SPX,-159570,139895
1970-01-01 00:00:00.000230808,Sugar,199223,-230769
1970-01-01 00:00:00.000230808,AUD,-43192,55845
1970-01-01 00:00:00.000230808,Silver,13324,-30349
1970-01-01 00:00:00.000230808,Coffee,-6546,5423
1970-01-01 00:00:00.000230808,10Y UST,-691726,673553
1970-01-01 00:00:00.000230808,Cocoa,79502,-81601
1970-01-01 00:00:00.000230815,BTC,-712,14
1970-01-01 00:00:00.000230815,VIX,-25985,31613
1970-01-01 00:00:00.000230815,Wheat,-31875,33913
1970-01-01 00:00:00.000230815,CAD,-11411,13769
1970-01-01 00:00:00.000230815,CHF,-4007,4200
1970-01-01 00:00:00.000230815,Soybeans,65333,-43649
1970-01-01 00:00:00.000230815,Cocoa,77125,-80698
1970-01-01 00:00:00.000230815,Copper,-25698,20665
1970-01-01 00:00:00.000230815,Silver,7861,-23264
1970-01-01 00:00:00.000230815,Coffee,-18688,18409
1970-01-01 00:00:00.000230815,Gold,121136,-141930
1970-01-01 00:00:00.000230815,10Y UST,-746928,718304
1970-01-01 00:00:00.000230815,Sugar,191433,-228493
1970-01-01 00:00:00.000230815,Crude Oil,242108,-270101
1970-01-01 00:00:00.000230815,USD Index,4991,-6048
1970-01-01 00:00:00.000230815,EUR,159863,-205284
1970-01-01 00:00:00.000230815,Corn,-26966,73174
1970-01-01 00:00:00.000230815,GBP,50988,-60188
1970-01-01 00:00:00.000230815,Nikkei,-700,-596
1970-01-01 00:00:00.000230815,JPY,-80961,90497
1970-01-01 00:00:00.000230815,Russell 2000,-71279,67827
1970-01-01 00:00:00.000230815,SPX,-118408,96147
1970-01-01 00:00:00.000230815,Nasdaq,5169,-4716
1970-01-01 00:00:00.000230815,AUD,-53397,65258
1970-01-01 00:00:00.000230822,Cocoa,76973,-80096
1970-01-01 00:00:00.000230822,SPX,-133491,101903
1970-01-01 00:00:00.000230822,CAD,-12070,16133
1970-01-01 00:00:00.000230822,Silver,12877,-23804
1970-01-01 00:00:00.000230822,Nikkei,-471,-610
1970-01-01 00:00:00.000230822,Copper,-24615,22499
1970-01-01 00:00:00.000230822,Coffee,-23066,22465
1970-01-01 00:00:00.000230822,Russell 2000,-61797,57381
1970-01-01 00:00:00.000230822,Nasdaq,13830,-14434
1970-01-01 00:00:00.000230822,10Y UST,-694875,657895
1970-01-01 00:00:00.000230822,Gold,101946,-121036
1970-01-01 00:00:00.000230822,Sugar,185283,-216226
1970-01-01 00:00:00.000230822,AUD,-63786,76894
1970-01-01 00:00:00.000230822,BTC,1515,-1929
1970-01-01 00:00:00.000230822,CHF,-3866,5608
1970-01-01 00:00:00.000230822,Crude Oil,234371,-256341
1970-01-01 00:00:00.000230822,Corn,-51550,96969
1970-01-01 00:00:00.000230822,USD Index,4589,-5618
1970-01-01 00:00:00.000230822,VIX,-27721,31445
1970-01-01 00:00:00.000230822,JPY,-95323,104624
1970-01-01 00:00:00.000230822,Wheat,-34791,33778
1970-01-01 00:00:00.000230822,EUR,158760,-200399
1970-01-01 00:00:00.000230822,Soybeans,66133,-48148
1970-01-01 00:00:00.000230822,GBP,59107,-64724
1970-01-01 00:00:00.000230829,SPX,-142106,123869
1970-01-01 00:00:00.000230829,JPY,-98473,103068
1970-01-01 00:00:00.000230829,Sugar,208430,-258901
1970-01-01 00:00:00.000230829,Corn,-35813,79380
1970-01-01 00:00:00.000230829,Crude Oil,240905,-260948
1970-01-01 00:00:00.000230829,USD Index,2823,-3910
1970-01-01 00:00:00.000230829,EUR,146679,-188151
1970-01-01 00:00:00.000230829,Cocoa,83221,-86688
1970-01-01 00:00:00.000230829,Copper,-16616,15487
1970-01-01 00:00:00.000230829,BTC,1507,-2081
1970-01-01 00:00:00.000230829,Nikkei,-733,-530
1970-01-01 00:00:00.000230829,CAD,-15761,17939
1970-01-01 00:00:00.000230829,VIX,-33786,38569
1970-01-01 00:00:00.000230829,Nasdaq,16162,-10908
1970-01-01 00:00:00.000230829,Gold,123272,-140594
1970-01-01 00:00:00.000230829,10Y UST,-805553,764189
1970-01-01 00:00:00.000230829,GBP,48401,-56609
1970-01-01 00:00:00.000230829,CHF,-4518,6388
1970-01-01 00:00:00.000230829,Coffee,-21465,20774
1970-01-01 00:00:00.000230829,Russell 2000,-66878,63336
1970-01-01 00:00:00.000230829,AUD,-70185,80606
1970-01-01 00:00:00.000230829,Silver,27133,-35776
1970-01-01 00:00:00.000230829,Wheat,-50257,50202
1970-01-01 00:00:00.000230829,Soybeans,92162,-73690
1970-01-01 00:00:00.000230905,Crude Oil,299322,-308997
1970-01-01 00:00:00.000230905,EUR,136231,-175854
1970-01-01 00:00:00.000230905,BTC,2039,-2534
1970-01-01 00:00:00.000230905,Wheat,-46410,44160
1970-01-01 00:00:00.000230905,AUD,-83537,95366
1970-01-01 00:00:00.000230905,VIX,-42726,44265
1970-01-01 00:00:00.000230905,Russell 2000,-71711,70806
1970-01-01 00:00:00.000230905,10Y UST,-791535,770685
1970-01-01 00:00:00.000230905,Coffee,-18451,17782
1970-01-01 00:00:00.000230905,Gold,138006,-158239
1970-01-01 00:00:00.000230905,Nikkei,-142,-1199
1970-01-01 00:00:00.000230905,Silver,26804,-37708
1970-01-01 00:00:00.000230905,Cocoa,86220,-90212
1970-01-01 00:00:00.000230905,SPX,-144211,123567
1970-01-01 00:00:00.000230905,Copper,-6770,4659
1970-01-01 00:00:00.000230905,JPY,-97136,105867
1970-01-01 00:00:00.000230905,USD Index,3359,-5005
1970-01-01 00:00:00.000230905,GBP,46384,-49955
1970-01-01 00:00:00.000230905,Corn,-45632,79965
1970-01-01 00:00:00.000230905,CAD,-24963,29461
1970-01-01 00:00:00.000230905,Sugar,235421,-289805
1970-01-01 00:00:00.000230905,Soybeans,87329,-68843
1970-01-01 00:00:00.000230905,Nasdaq,13550,-5696
1970-01-01 00:00:00.000230905,CHF,-5325,10687
1970-01-01 00:00:00.000230912,Sugar,244435,-297725
1970-01-01 00:00:00.000230912,Silver,18033,-32040
1970-01-01 00:00:00.000230912,Coffee,-16578,15818
1970-01-01 00:00:00.000230912,Russell 2000,-63615,59033
1970-01-01 00:00:00.000230912,AUD,-79533,94990
1970-01-01 00:00:00.000230912,Copper,-12334,9886
1970-01-01 00:00:00.000230912,CAD,-41883,49275
1970-01-01 00:00:00.000230912,BTC,2232,-2543
1970-01-01 00:00:00.000230912,CHF,-9338,12351
1970-01-01 00:00:00.000230912,Nasdaq,9056,-9508
1970-01-01 00:00:00.000230912,VIX,-39342,40099
1970-01-01 00:00:00.000230912,Wheat,-49619,46521
1970-01-01 00:00:00.000230912,Soybeans,85217,-68440
1970-01-01 00:00:00.000230912,Nikkei,514,-918
1970-01-01 00:00:00.000230912,GBP,46174,-51168
1970-01-01 00:00:00.000230912,Gold,123864,-144810
1970-01-01 00:00:00.000230912,10Y UST,-744302,720210
1970-01-01 00:00:00.000230912,Cocoa,87623,-91493
1970-01-01 00:00:00.000230912,USD Index,6071,-7727
1970-01-01 00:00:00.000230912,EUR,113080,-149981
1970-01-01 00:00:00.000230912,Corn,-87988,118836
1970-01-01 00:00:00.000230912,Crude Oil,326871,-348713
1970-01-01 00:00:00.000230912,SPX,-116333,87045
1970-01-01 00:00:00.000230912,JPY,-98713,106644
1970-01-01 00:00:00.000230919,Sugar,244309,-294614
1970-01-01 00:00:00.000230919,Crude Oil,328426,-354835
1970-01-01 00:00:00.000230919,Nasdaq,3194,-2088
1970-01-01 00:00:00.000230919,CHF,-7935,15844
1970-01-01 00:00:00.000230919,Coffee,-4408,3522
1970-01-01 00:00:00.000230919,EUR,101981,-128742
1970-01-01 00:00:00.000230919,Corn,-101233,134756
1970-01-01 00:00:00.000230919,Soybeans,62690,-43765
1970-01-01 00:00:00.000230919,Wheat,-56937,50466
1970-01-01 00:00:00.000230919,CAD,-48027,48804
1970-01-01 00:00:00.000230919,BTC,1597,-1997
1970-01-01 00:00:00.000230919,VIX,-28816,34384
1970-01-01 00:00:00.000230919,Cocoa,88262,-91617
1970-01-01 00:00:00.000230919,Copper,-16300,12312
1970-01-01 00:00:00.000230919,GBP,33683,-32581
1970-01-01 00:00:00.000230919,JPY,-101619,111445
1970-01-01 00:00:00.000230919,USD Index,15634,-17345
1970-01-01 00:00:00.000230919,Gold,135163,-152932
1970-01-01 00:00:00.000230919,Silver,15231,-29787
1970-01-01 00:00:00.000230919,Nikkei,-414,-939
1970-01-01 00:00:00.000230919,10Y UST,-702316,659370
1970-01-01 00:00:00.000230919,Russell 2000,-63561,60533
1970-01-01 00:00:00.000230919,AUD,-96946,110012
1970-01-01 00:00:00.000230919,SPX,-138991,124661
1970-01-01 00:00:00.000230926,CAD,-32696,29819
1970-01-01 00:00:00.000230926,GBP,15669,-8687
1970-01-01 00:00:00.000230926,Nasdaq,846,-992
1970-01-01 00:00:00.000230926,CHF,-9115,20914
1970-01-01 00:00:00.000230926,Soybeans,46488,-31408
1970-01-01 00:00:00.000230926,Sugar,239240,-281054
1970-01-01 00:00:00.000230926,Coffee,-8662,8450
1970-01-01 00:00:00.000230926,Crude Oil,350055,-375404
1970-01-01 00:00:00.000230926,SPX,-89281,65622
1970-01-01 00:00:00.000230926,Russell 2000,-61602,59276
1970-01-01 00:00:00.000230926,Copper,-28779,27192
1970-01-01 00:00:00.000230926,Cocoa,78538,-81367
1970-01-01 00:00:00.000230926,Gold,115815,-134836
1970-01-01 00:00:00.000230926,Nikkei,-610,-1200
1970-01-01 00:00:00.000230926,10Y UST,-731998,679643
1970-01-01 00:00:00.000230926,Silver,20105,-33080
1970-01-01 00:00:00.000230926,Corn,-118540,151450
1970-01-01 00:00:00.000230926,USD Index,16758,-18636
1970-01-01 00:00:00.000230926,AUD,-86815,102250
1970-01-01 00:00:00.000230926,EUR,98399,-124407
1970-01-01 00:00:00.000230926,BTC,1794,-2033
1970-01-01 00:00:00.000230926,Wheat,-60014,55001
1970-01-01 00:00:00.000230926,VIX,-52835,58631
1970-01-01 00:00:00.000230926,JPY,-109512,120227
1970-01-01 00:00:00.000231003,Sugar,217382,-255129
1970-01-01 00:00:00.000231003,Wheat,-61347,58242
1970-01-01 00:00:00.000231003,Silver,15344,-30358
1970-01-01 00:00:00.000231003,Coffee,-14449,13474
1970-01-01 00:00:00.000231003,Cocoa,69933,-72861
1970-01-01 00:00:00.000231003,VIX,-34193,40533
1970-01-01 00:00:00.000231003,BTC,1056,-1475
1970-01-01 00:00:00.000231003,Russell 2000,-63308,62415
1970-01-01 00:00:00.000231003,SPX,-73235,46115
1970-01-01 00:00:00.000231003,Crude Oil,349560,-381946
1970-01-01 00:00:00.000231003,USD Index,18815,-20166
1970-01-01 00:00:00.000231003,Nasdaq,1435,1646
1970-01-01 00:00:00.000231003,CHF,-16742,27368
1970-01-01 00:00:00.000231003,Corn,-107544,140803
1970-01-01 00:00:00.000231003,CAD,-40151,38581
1970-01-01 00:00:00.000231003,GBP,-6680,17545
1970-01-01 00:00:00.000231003,Soybeans,22503,-5880
1970-01-01 00:00:00.000231003,JPY,-113988,117869
1970-01-01 00:00:00.000231003,AUD,-81987,97266
1970-01-01 00:00:00.000231003,EUR,78943,-104752
1970-01-01 00:00:00.000231003,10Y UST,-733881,668481
1970-01-01 00:00:00.000231003,Copper,-21912,19952
1970-01-01 00:00:00.000231003,Nikkei,-43,-1058
1970-01-01 00:00:00.000231003,Gold,91226,-111982
1970-01-01 00:00:00.000231010,Cocoa,67876,-71491
1970-01-01 00:00:00.000231010,SPX,-94449,69430
1970-01-01 00:00:00.000231010,Copper,-14755,14192
1970-01-01 00:00:00.000231010,Soybeans,23378,-9429
1970-01-01 00:00:00.000231010,JPY,-99476,106152
1970-01-01 00:00:00.000231010,Wheat,-67694,63817
1970-01-01 00:00:00.000231010,VIX,-14682,22250
1970-01-01 00:00:00.000231010,Corn,-64784,94387
1970-01-01 00:00:00.000231010,GBP,-10048,21407
1970-01-01 00:00:00.000231010,Sugar,221680,-263043
1970-01-01 00:00:00.000231010,10Y UST,-712982,669631
1970-01-01 00:00:00.000231010,USD Index,19477,-20699
1970-01-01 00:00:00.000231010,Nikkei,-1603,1658
1970-01-01 00:00:00.000231010,CAD,-46489,48420
1970-01-01 00:00:00.000231010,EUR,75532,-98293
1970-01-01 00:00:00.000231010,Gold,71433,-90428
1970-01-01 00:00:00.000231010,Nasdaq,7840,-6960
1970-01-01 00:00:00.000231010,Coffee,-15815,14700
1970-01-01 00:00:00.000231010,Russell 2000,-66624,68289
1970-01-01 00:00:00.000231010,CHF,-16075,28830
1970-01-01 00:00:00.000231010,Silver,12299,-26218
1970-01-01 00:00:00.000231010,BTC,1151,-1662
1970-01-01 00:00:00.000231010,Crude Oil,321974,-363010
1970-01-01 00:00:00.000231010,AUD,-76577,91109
1970-01-01 00:00:00.000231017,USD Index,19167,-20772
1970-01-01 00:00:00.000231017,EUR,82410,-101623
1970-01-01 00:00:00.000231017,Coffee,-188,-967
1970-01-01 00:00:00.000231017,Corn,-62554,93412
1970-01-01 00:00:00.000231017,Silver,19746,-31626
1970-01-01 00:00:00.000231017,CAD,-48539,50106
1970-01-01 00:00:00.000231017,Nikkei,-2255,1284
1970-01-01 00:00:00.000231017,Nasdaq,14348,-12040
1970-01-01 00:00:00.000231017,Soybeans,27105,-12049
1970-01-01 00:00:00.000231017,Copper,-25889,23308
1970-01-01 00:00:00.000231017,JPY,-102658,112359
1970-01-01 00:00:00.000231017,10Y UST,-710740,614042
1970-01-01 00:00:00.000231017,GBP,-11209,19971
1970-01-01 00:00:00.000231017,Gold,112738,-127999
1970-01-01 00:00:00.000231017,CHF,-17078,30333
1970-01-01 00:00:00.000231017,Russell 2000,-45472,50522
1970-01-01 00:00:00.000231017,Crude Oil,306388,-340550
1970-01-01 00:00:00.000231017,BTC,327,-995
1970-01-01 00:00:00.000231017,Wheat,-69243,65541
1970-01-01 00:00:00.000231017,AUD,-80739,97132
1970-01-01 00:00:00.000231017,Sugar,227959,-277699
1970-01-01 00:00:00.000231017,VIX,-22945,31422
1970-01-01 00:00:00.000231017,Cocoa,71492,-75556
1970-01-01 00:00:00.000231017,SPX,-63178,43110
1970-01-01 00:00:00.000231024,Nasdaq,2697,-4366
1970-01-01 00:00:00.000231024,Wheat,-59947,56978
1970-01-01 00:00:00.000231024,VIX,-21594,26058
1970-01-01 00:00:00.000231024,Soybeans,36454,-24483
1970-01-01 00:00:00.000231024,USD Index,19671,-20531
1970-01-01 00:00:00.000231024,EUR,85253,-107996
1970-01-01 00:00:00.000231024,AUD,-83081,98853
1970-01-01 00:00:00.000231024,Corn,-48280,83034
1970-01-01 00:00:00.000231024,GBP,-18636,27337
1970-01-01 00:00:00.000231024,BTC,-454,-438
1970-01-01 00:00:00.000231024,JPY,-99629,104809
1970-01-01 00:00:00.000231024,CHF,-15095,27136
1970-01-01 00:00:00.000231024,Copper,-20760,21401
1970-01-01 00:00:00.000231024,10Y UST,-563362,467001
1970-01-01 00:00:00.000231024,Cocoa,77020,-79960
1970-01-01 00:00:00.000231024,Sugar,224695,-271696
1970-01-01 00:00:00.000231024,Gold,149385,-165873
1970-01-01 00:00:00.000231024,Russell 2000,-44171,44537
1970-01-01 00:00:00.000231024,Coffee,18208,-18113
1970-01-01 00:00:00.000231024,SPX,10185,-34736
1970-01-01 00:00:00.000231024,Silver,24332,-34570
1970-01-01 00:00:00.000231024,Crude Oil,300765,-340958
1970-01-01 00:00:00.000231024,Nikkei,-2128,695
1970-01-01 00:00:00.000231024,CAD,-48639,53600
1970-01-01 00:00:00.000231031,Crude Oil,262258,-308767
1970-01-01 00:00:00.000231031,Wheat,-69567,68593
1970-01-01 00:00:00.000231031,Sugar,213589,-258587
1970-01-01 00:00:00.000231031,SPX,4337,-33976
1970-01-01 00:00:00.000231031,Cocoa,69477,-72106
1970-01-01 00:00:00.000231031,BTC,-1746,903
1970-01-01 00:00:00.000231031,Russell 2000,-39427,40876
1970-01-01 00:00:00.000231031,EUR,85389,-109031
1970-01-01 00:00:00.000231031,Gold,163425,-182707
1970-01-01 00:00:00.000231031,GBP,-20371,34154
1970-01-01 00:00:00.000231031,Copper,-17161,18395
1970-01-01 00:00:00.000231031,JPY,-103848,107566
1970-01-01 00:00:00.000231031,Nasdaq,6737,-6592
1970-01-01 00:00:00.000231031,CHF,-14910,25967
1970-01-01 00:00:00.000231031,Nikkei,-1875,1084
1970-01-01 00:00:00.000231031,CAD,-49332,56052
1970-01-01 00:00:00.000231031,Soybeans,16260,-1813
1970-01-01 00:00:00.000231031,VIX,-13979,18713
1970-01-01 00:00:00.000231031,Coffee,22279,-21876
1970-01-01 00:00:00.000231031,Corn,-87696,114053
1970-01-01 00:00:00.000231031,Silver,20211,-33139
1970-01-01 00:00:00.000231031,USD Index,18985,-20096
1970-01-01 00:00:00.000231031,10Y UST,-627698,531947
1970-01-01 00:00:00.000231031,AUD,-75110,86432
1970-01-01 00:00:00.000231107,SPX,-53421,35344
1970-01-01 00:00:00.000231107,AUD,-65563,73267
1970-01-01 00:00:00.000231107,BTC,-1677,794
1970-01-01 00:00:00.000231107,Nasdaq,16295,-8937
1970-01-01 00:00:00.000231107,Nikkei,-2558,1391
1970-01-01 00:00:00.000231107,Russell 2000,-72567,72636
1970-01-01 00:00:00.000231107,VIX,-33049,35221
1970-01-01 00:00:00.000231107,Cocoa,75027,-78099
1970-01-01 00:00:00.000231107,Crude Oil,235970,-276714
1970-01-01 00:00:00.000231107,10Y UST,-604499,515529
1970-01-01 00:00:00.000231107,JPY,-104040,111957
1970-01-01 00:00:00.000231107,GBP,-16252,29166
1970-01-01 00:00:00.000231107,Gold,166216,-186091
1970-01-01 00:00:00.000231107,CAD,-67721,72568
1970-01-01 00:00:00.000231107,Corn,-106041,128097
1970-01-01 00:00:00.000231107,Wheat,-59611,60554
1970-01-01 00:00:00.000231107,USD Index,19471,-20161
1970-01-01 00:00:00.000231107,Soybeans,63557,-49323
1970-01-01 00:00:00.000231107,EUR,89056,-117515
1970-01-01 00:00:00.000231107,CHF,-17562,27892
1970-01-01 00:00:00.000231107,Silver,18253,-30722
1970-01-01 00:00:00.000231107,Sugar,232083,-283940
1970-01-01 00:00:00.000231107,Coffee,26975,-26760
1970-01-01 00:00:00.000231107,Copper,-10288,11051
1970-01-01 00:00:00.000231114,VIX,-42928,46627
1970-01-01 00:00:00.000231114,10Y UST,-661766,595655
1970-01-01 00:00:00.000231114,SPX,-52833,11057
1970-01-01 00:00:00.000231114,CAD,-70403,77698
1970-01-01 00:00:00.000231114,Russell 2000,-65566,68821
1970-01-01 00:00:00.000231114,GBP,-27730,35439
1970-01-01 00:00:00.000231114,AUD,-70956,79057
1970-01-01 00:00:00.000231114,CHF,-20151,27543
1970-01-01 00:00:00.000231114,Gold,155376,-177019
1970-01-01 00:00:00.000231114,Coffee,28667,-29696
1970-01-01 00:00:00.000231114,Cocoa,75784,-78125
1970-01-01 00:00:00.000231114,Sugar,226266,-277525
1970-01-01 00:00:00.000231114,Nikkei,-2587,1890
1970-01-01 00:00:00.000231114,Copper,-16608,16449
1970-01-01 00:00:00.000231114,Crude Oil,215734,-246762
1970-01-01 00:00:00.000231114,Silver,22398,-31634
1970-01-01 00:00:00.000231114,Nasdaq,315,-2032
1970-01-01 00:00:00.000231114,Soybeans,86677,-69495
1970-01-01 00:00:00.000231114,EUR,108907,-140987
1970-01-01 00:00:00.000231114,Wheat,-59038,58799
1970-01-01 00:00:00.000231114,Corn,-109200,133085
1970-01-01 00:00:00.000231114,BTC,-1344,481
1970-01-01 00:00:00.000231114,USD Index,19734,-20378
1970-01-01 00:00:00.000231114,JPY,-130249,133272
1970-01-01 00:00:00.000231121,Corn,-124006,143223
1970-01-01 00:00:00.000231121,Wheat,-77531,76155
1970-01-01 00:00:00.000231121,Soybeans,73806,-53777
1970-01-01 00:00:00.000231121,10Y UST,-658158,600841
1970-01-01 00:00:00.000231121,Nasdaq,5044,-11285
1970-01-01 00:00:00.000231121,Nikkei,-2239,1432
1970-01-01 00:00:00.000231121,AUD,-77970,82004
1970-01-01 00:00:00.000231121,Russell 2000,-57246,53256
1970-01-01 00:00:00.000231121,VIX,-47431,47791
1970-01-01 00:00:00.000231121,BTC,-876,445
1970-01-01 00:00:00.000231121,Cocoa,72839,-75421
1970-01-01 00:00:00.000231121,Crude Oil,207324,-230009
1970-01-01 00:00:00.000231121,Copper,-3543,5535
1970-01-01 00:00:00.000231121,SPX,-80080,33971
1970-01-01 00:00:00.000231121,USD Index,20697,-20732
1970-01-01 00:00:00.000231121,CHF,-18994,28587
1970-01-01 00:00:00.000231121,Silver,27452,-40944
1970-01-01 00:00:00.000231121,Gold,171705,-190235
1970-01-01 00:00:00.000231121,JPY,-105454,105428
1970-01-01 00:00:00.000231121,CAD,-65440,70083
1970-01-01 00:00:00.000231121,EUR,129654,-165818
1970-01-01 00:00:00.000231121,Sugar,222137,-267400
1970-01-01 00:00:00.000231121,GBP,-26098,31208
1970-01-01 00:00:00.000231121,Coffee,30334,-31907
1970-01-01 00:00:00.000231128,EUR,143165,-176315
1970-01-01 00:00:00.000231128,JPY,-109237,103692
1970-01-01 00:00:00.000231128,USD Index,19087,-18292
1970-01-01 00:00:00.000231128,Sugar,205076,-249605
1970-01-01 00:00:00.000231128,Corn,-157148,175160
1970-01-01 00:00:00.000231128,Wheat,-97204,98645
1970-01-01 00:00:00.000231128,VIX,-47536,48576
1970-01-01 00:00:00.000231128,10Y UST,-685354,632924
1970-01-01 00:00:00.000231128,Soybeans,50697,-30394
1970-01-01 00:00:00.000231128,Nasdaq,7278,-10902
1970-01-01 00:00:00.000231128,Crude Oil,183171,-206779
1970-01-01 00:00:00.000231128,Copper,-3872,4912
1970-01-01 00:00:00.000231128,Gold,200084,-218592
1970-01-01 00:00:00.000231128,Russell 2000,-55493,52149
1970-01-01 00:00:00.000231128,Coffee,30558,-32407
1970-01-01 00:00:00.000231128,Silver,34280,-47855
1970-01-01 00:00:00.000231128,Nikkei,-2360,1504
1970-01-01 00:00:00.000231128,Cocoa,71646,-73777
1970-01-01 00:00:00.000231128,CHF,-20289,26691
1970-01-01 00:00:00.000231128,GBP,-7895,10064
1970-01-01 00:00:00.000231128,AUD,-71219,73789
1970-01-01 00:00:00.000231128,BTC,-1745,792
1970-01-01 00:00:00.000231128,CAD,-63242,67537
1970-01-01 00:00:00.000231128,SPX,-65027,21959
1970-01-01 00:00:00.000231205,Silver,36303,-52014
1970-01-01 00:00:00.000231205,Russell 2000,-55429,50900
1970-01-01 00:00:00.000231205,AUD,-57681,54899
1970-01-01 00:00:00.000231205,Sugar,165469,-188821
1970-01-01 00:00:00.000231205,Coffee,34260,-35882
1970-01-01 00:00:00.000231205,Nasdaq,8402,-13580
1970-01-01 00:00:00.000231205,Crude Oil,168990,-194626
1970-01-01 00:00:00.000231205,Cocoa,66911,-69993
1970-01-01 00:00:00.000231205,Nikkei,-1690,1036
1970-01-01 00:00:00.000231205,EUR,152360,-188929
1970-01-01 00:00:00.000231205,JPY,-104956,106218
1970-01-01 00:00:00.000231205,USD Index,19944,-19561
1970-01-01 00:00:00.000231205,VIX,-56777,57871
1970-01-01 00:00:00.000231205,Wheat,-67067,72571
1970-01-01 00:00:00.000231205,Corn,-110439,137754
1970-01-01 00:00:00.000231205,Soybeans,20298,-2961
1970-01-01 00:00:00.000231205,CAD,-57848,63290
1970-01-01 00:00:00.000231205,Copper,-1994,2139
1970-01-01 00:00:00.000231205,SPX,-47261,-95
1970-01-01 00:00:00.000231205,Gold,203544,-226945
1970-01-01 00:00:00.000231205,10Y UST,-636456,584114
1970-01-01 00:00:00.000231205,GBP,11665,-11983
1970-01-01 00:00:00.000231205,BTC,-2250,1387
1970-01-01 00:00:00.000231205,CHF,-17852,23713
1970-01-01 00:00:00.000231212,Russell 2000,-50629,43204
1970-01-01 00:00:00.000231212,USD Index,17601,-18032
1970-01-01 00:00:00.000231212,JPY,-81131,79527
1970-01-01 00:00:00.000231212,GBP,21581,-20101
1970-01-01 00:00:00.000231212,CHF,-14474,19313
1970-01-01 00:00:00.000231212,CAD,-55245,61193
1970-01-01 00:00:00.000231212,Wheat,-40021,48543
1970-01-01 00:00:00.000231212,VIX,-46316,45724
1970-01-01 00:00:00.000231212,Corn,-101215,131530
1970-01-01 00:00:00.000231212,Soybeans,17539,-216
1970-01-01 00:00:00.000231212,EUR,147327,-182357
1970-01-01 00:00:00.000231212,Gold,188233,-212808
1970-01-01 00:00:00.000231212,Cocoa,67303,-70652
1970-01-01 00:00:00.000231212,Nikkei,-2317,1807
1970-01-01 00:00:00.000231212,Crude Oil,151599,-175326
1970-01-01 00:00:00.000231212,Copper,-4004,5131
1970-01-01 00:00:00.000231212,Silver,28458,-47496
1970-01-01 00:00:00.000231212,SPX,-65083,21495
1970-01-01 00:00:00.000231212,Coffee,36568,-38176
1970-01-01 00:00:00.000231212,Sugar,107392,-129631
1970-01-01 00:00:00.000231212,AUD,-52340,54868
1970-01-01 00:00:00.000231212,Nasdaq,8104,-10817
1970-01-01 00:00:00.000231212,10Y UST,-556931,520684
1970-01-01 00:00:00.000231212,BTC,-2067,1188
1970-01-01 00:00:00.000231219,CAD,-54333,50577
1970-01-01 00:00:00.000231219,Corn,-127570,147902
1970-01-01 00:00:00.000231219,CHF,-6088,9076
1970-01-01 00:00:00.000231219,Gold,201339,-227058
1970-01-01 00:00:00.000231219,Wheat,-36993,43239
1970-01-01 00:00:00.000231219,10Y UST,-687572,638806
1970-01-01 00:00:00.000231219,VIX,-30172,34907
1970-01-01 00:00:00.000231219,USD Index,3942,-3152
1970-01-01 00:00:00.000231219,EUR,114592,-145622
1970-01-01 00:00:00.000231219,Soybeans,1998,11079
1970-01-01 00:00:00.000231219,JPY,-64902,62693
1970-01-01 00:00:00.000231219,GBP,19926,-27440
1970-01-01 00:00:00.000231219,Nasdaq,22184,-25768
1970-01-01 00:00:00.000231219,Crude Oil,182743,-195871
1970-01-01 00:00:00.000231219,BTC,-2351,1305
1970-01-01 00:00:00.000231219,Russell 2000,-30049,23866
1970-01-01 00:00:00.000231219,AUD,-50677,46308
1970-01-01 00:00:00.000231219,Sugar,92847,-114965
1970-01-01 00:00:00.000231219,Copper,5559,-7646
1970-01-01 00:00:00.000231219,Coffee,45256,-47452
1970-01-01 00:00:00.000231219,Silver,29751,-48791
1970-01-01 00:00:00.000231219,SPX,-195395,123438
1970-01-01 00:00:00.000231219,Nikkei,-2343,1784
1970-01-01 00:00:00.000231219,Cocoa,69404,-70924
1970-01-01 00:00:00.000231226,Wheat,-31411,38524
1970-01-01 00:00:00.000231226,10Y UST,-804984,725554
1970-01-01 00:00:00.000231226,Corn,-127651,151877
1970-01-01 00:00:00.000231226,Soybeans,-11926,20716
1970-01-01 00:00:00.000231226,Copper,7077,-10156
1970-01-01 00:00:00.000231226,Gold,207718,-232345
1970-01-01 00:00:00.000231226,CAD,-34721,23948
1970-01-01 00:00:00.000231226,CHF,-3445,5525
1970-01-01 00:00:00.000231226,GBP,14092,-21902
1970-01-01 00:00:00.000231226,JPY,-55568,52659
1970-01-01 00:00:00.000231226,USD Index,3137,-2178
1970-01-01 00:00:00.000231226,EUR,117391,-151186
1970-01-01 00:00:00.000231226,VIX,-56151,60403
1970-01-01 00:00:00.000231226,Silver,31863,-52622
1970-01-01 00:00:00.000231226,Coffee,43916,-46087
1970-01-01 00:00:00.000231226,Crude Oil,199284,-211098
1970-01-01 00:00:00.000231226,Cocoa,67498,-69492
1970-01-01 00:00:00.000231226,Sugar,78543,-99024
1970-01-01 00:00:00.000231226,Nasdaq,27991,-33608
1970-01-01 00:00:00.000231226,AUD,-51303,43062
1970-01-01 00:00:00.000231226,Russell 2000,-12446,3448
1970-01-01 00:00:00.000231226,Nikkei,-2828,1850
1970-01-01 00:00:00.000231226,SPX,-192462,120789
1970-01-01 00:00:00.000231226,BTC,-2302,1092
1970-01-01 00:00:00.000240102,USD Index,2423,-1614
1970-01-01 00:00:00.000240102,AUD,-42893,30295
1970-01-01 00:00:00.000240102,Russell 2000,-921,-10099
1970-01-01 00:00:00.000240102,Soybeans,-21928,35338
1970-01-01 00:00:00.000240102,GBP,15205,-17250
1970-01-01 00:00:00.000240102,Cocoa,68954,-69429
1970-01-01 00:00:00.000240102,Nikkei,-3420,2012
1970-01-01 00:00:00.000240102,SPX,-214088,127346
1970-01-01 00:00:00.000240102,JPY,-57195,55489
1970-01-01 00:00:00.000240102,Corn,-146728,175098
1970-01-01 00:00:00.000240102,Crude Oil,163729,-182204
1970-01-01 00:00:00.000240102,VIX,-44992,50256
1970-01-01 00:00:00.000240102,EUR,119476,-157386
1970-01-01 00:00:00.000240102,Nasdaq,39067,-47339
1970-01-01 00:00:00.000240102,10Y UST,-832663,782568
1970-01-01 00:00:00.000240102,BTC,-2221,1234
1970-01-01 00:00:00.000240102,Coffee,43428,-44991
1970-01-01 00:00:00.000240102,Sugar,74825,-92187
1970-01-01 00:00:00.000240102,CAD,-21131,8320
1970-01-01 00:00:00.000240102,Wheat,-33617,40776
1970-01-01 00:00:00.000240102,Copper,8617,-11638
1970-01-01 00:00:00.000240102,Silver,32570,-50547
1970-01-01 00:00:00.000240102,Gold,207649,-235478
1970-01-01 00:00:00.000240102,CHF,-5215,4158
1970-01-01 00:00:00.000240109,SPX,-117049,15495
1970-01-01 00:00:00.000240109,VIX,-44169,51245
1970-01-01 00:00:00.000240109,10Y UST,-787020,726488
1970-01-01 00:00:00.000240109,BTC,-1618,779
1970-01-01 00:00:00.000240109,JPY,-55949,54191
1970-01-01 00:00:00.000240109,Corn,-173033,194021
1970-01-01 00:00:00.000240109,Cocoa,68881,-67423
1970-01-01 00:00:00.000240109,GBP,20734,-22875
1970-01-01 00:00:00.000240109,Russell 2000,21012,-31976
1970-01-01 00:00:00.000240109,Nikkei,-2658,1724
1970-01-01 00:00:00.000240109,USD Index,2910,-2210
1970-01-01 00:00:00.000240109,AUD,-32274,21070
1970-01-01 00:00:00.000240109,Coffee,45588,-47708
1970-01-01 00:00:00.000240109,CAD,-7380,-1787
1970-01-01 00:00:00.000240109,Sugar,68958,-81593
1970-01-01 00:00:00.000240109,CHF,-4392,2524
1970-01-01 00:00:00.000240109,Wheat,-33390,42432
1970-01-01 00:00:00.000240109,Silver,26362,-43755
1970-01-01 00:00:00.000240109,Crude Oil,169682,-184627
1970-01-01 00:00:00.000240109,Copper,-13167,9029
1970-01-01 00:00:00.000240109,Gold,188614,-217701
1970-01-01 00:00:00.000240109,EUR,118877,-156887
1970-01-01 00:00:00.000240109,Nasdaq,36776,-42601
1970-01-01 00:00:00.000240109,Soybeans,-38049,53620
1970-01-01 00:00:00.000240116,Copper,-25306,22851
1970-01-01 00:00:00.000240116,CAD,-13388,4928
1970-01-01 00:00:00.000240116,BTC,-994,-25
1970-01-01 00:00:00.000240116,Silver,25593,-43759
1970-01-01 00:00:00.000240116,Gold,179893,-207420
1970-01-01 00:00:00.000240116,Coffee,49382,-51147
1970-01-01 00:00:00.000240116,Sugar,60215,-81568
1970-01-01 00:00:00.000240116,CHF,-3738,273
1970-01-01 00:00:00.000240116,VIX,-43760,48439
1970-01-01 00:00:00.000240116,EUR,104092,-136513
1970-01-01 00:00:00.000240116,Crude Oil,162034,-178627
1970-01-01 00:00:00.000240116,USD Index,1300,-1292
1970-01-01 00:00:00.000240116,JPY,-56560,61724
1970-01-01 00:00:00.000240116,Cocoa,70197,-72315
1970-01-01 00:00:00.000240116,GBP,30931,-30980
1970-01-01 00:00:00.000240116,AUD,-47857,39044
1970-01-01 00:00:00.000240116,Nikkei,-4478,3317
1970-01-01 00:00:00.000240116,Russell 2000,14245,-23482
1970-01-01 00:00:00.000240116,Nasdaq,36571,-38733
1970-01-01 00:00:00.000240116,Soybeans,-93668,112439
1970-01-01 00:00:00.000240116,10Y UST,-889385,822775
1970-01-01 00:00:00.000240116,Wheat,-46611,54064
1970-01-01 00:00:00.000240116,SPX,-169246,102434
1970-01-01 00:00:00.000240116,Corn,-219968,242217
1970-01-01 00:00:00.000240123,Sugar,67555,-91516
1970-01-01 00:00:00.000240123,Coffee,52898,-54912
1970-01-01 00:00:00.000240123,Silver,17737,-34071
1970-01-01 00:00:00.000240123,Cocoa,75756,-78485
1970-01-01 00:00:00.000240123,Crude Oil,184018,-202468
1970-01-01 00:00:00.000240123,USD Index,1647,-2376
1970-01-01 00:00:00.000240123,AUD,-54120,52649
1970-01-01 00:00:00.000240123,GBP,31437,-34339
1970-01-01 00:00:00.000240123,SPX,-189473,111135
1970-01-01 00:00:00.000240123,10Y UST,-784678,730285
1970-01-01 00:00:00.000240123,JPY,-70645,76992
1970-01-01 00:00:00.000240123,Soybeans,-105994,123490
1970-01-01 00:00:00.000240123,EUR,88324,-117397
1970-01-01 00:00:00.000240123,Nasdaq,33042,-38153
1970-01-01 00:00:00.000240123,Russell 2000,-6189,-5447
1970-01-01 00:00:00.000240123,Nikkei,-3693,2045
1970-01-01 00:00:00.000240123,Corn,-219200,238826
1970-01-01 00:00:00.000240123,Copper,-29923,27695
1970-01-01 00:00:00.000240123,VIX,-49193,54443
1970-01-01 00:00:00.000240123,Gold,169474,-192093
1970-01-01 00:00:00.000240123,CAD,-8451,3161
1970-01-01 00:00:00.000240123,Wheat,-42782,49329
1970-01-01 00:00:00.000240123,CHF,-5171,6199
1970-01-01 00:00:00.000240123,BTC,-1661,887
1970-01-01 00:00:00.000240130,AUD,-58295,58847
1970-01-01 00:00:00.000240130,Corn,-224832,241727
1970-01-01 00:00:00.000240130,Russell 2000,-10504,-1488
1970-01-01 00:00:00.000240130,10Y UST,-859015,810792
1970-01-01 00:00:00.000240130,Soybeans,-140577,155822
1970-01-01 00:00:00.000240130,SPX,-225962,142194
1970-01-01 00:00:00.000240130,Nasdaq,39251,-47893
1970-01-01 00:00:00.000240130,EUR,88771,-116006
1970-01-01 00:00:00.000240130,USD Index,372,-739
1970-01-01 00:00:00.000240130,Crude Oil,196664,-219075
1970-01-01 00:00:00.000240130,JPY,-80455,80134
1970-01-01 00:00:00.000240130,Cocoa,71694,-76000
1970-01-01 00:00:00.000240130,Sugar,73684,-96000
1970-01-01 00:00:00.000240130,CAD,-2388,-4200
1970-01-01 00:00:00.000240130,Coffee,56119,-58218
1970-01-01 00:00:00.000240130,Silver,21426,-37778
1970-01-01 00:00:00.000240130,Gold,147791,-170518
1970-01-01 00:00:00.000240130,Copper,-8598,7271
1970-01-01 00:00:00.000240130,GBP,34153,-37380
1970-01-01 00:00:00.000240130,Wheat,-36455,43840
1970-01-01 00:00:00.000240130,CHF,-3904,7222
1970-01-01 00:00:00.000240130,BTC,-1798,1017
1970-01-01 00:00:00.000240130,VIX,-54540,57042
1970-01-01 00:00:00.000240130,Nikkei,-3868,1857
1970-01-01 00:00:00.000240206,Corn,-229422,243991
1970-01-01 00:00:00.000240206,Nikkei,-3480,1864
1970-01-01 00:00:00.000240206,Wheat,-38284,43174
1970-01-01 00:00:00.000240206,AUD,-71813,80031
1970-01-01 00:00:00.000240206,Soybeans,-160817,171920
1970-01-01 00:00:00.000240206,Nasdaq,32888,-38439
1970-01-01 00:00:00.000240206,Russell 2000,-19993,8524
1970-01-01 00:00:00.000240206,USD Index,1539,-2652
1970-01-01 00:00:00.000240206,EUR,62153,-86886
1970-01-01 00:00:00.000240206,GBP,34475,-28872
1970-01-01 00:00:00.000240206,Cocoa,58114,-63329
1970-01-01 00:00:00.000240206,JPY,-84230,82983
1970-01-01 00:00:00.000240206,VIX,-48987,53136
1970-01-01 00:00:00.000240206,Crude Oil,161838,-189183
1970-01-01 00:00:00.000240206,BTC,-1523,757
1970-01-01 00:00:00.000240206,Coffee,54983,-56419
1970-01-01 00:00:00.000240206,10Y UST,-828462,772986
1970-01-01 00:00:00.000240206,CAD,-7736,4412
1970-01-01 00:00:00.000240206,Sugar,80524,-100282
1970-01-01 00:00:00.000240206,Copper,-13710,10888
1970-01-01 00:00:00.000240206,Gold,161738,-180241
1970-01-01 00:00:00.000240206,Silver,16880,-33483
1970-01-01 00:00:00.000240206,CHF,-5567,9266
1970-01-01 00:00:00.000240206,SPX,-232962,161838
1970-01-01 00:00:00.000240213,10Y UST,-760519,688569
1970-01-01 00:00:00.000240213,Wheat,-29007,33760
1970-01-01 00:00:00.000240213,EUR,52838,-72264
1970-01-01 00:00:00.000240213,USD Index,2002,-3179
1970-01-01 00:00:00.000240213,JPY,-111536,115172
1970-01-01 00:00:00.000240213,GBP,50472,-46883
1970-01-01 00:00:00.000240213,CAD,-5482,6958
1970-01-01 00:00:00.000240213,Gold,131168,-152980
1970-01-01 00:00:00.000240213,Copper,-32697,30426
1970-01-01 00:00:00.000240213,CHF,-6014,15080
1970-01-01 00:00:00.000240213,Silver,12425,-29688
1970-01-01 00:00:00.000240213,BTC,-1921,1152
1970-01-01 00:00:00.000240213,VIX,-50966,54671
1970-01-01 00:00:00.000240213,Coffee,60084,-61442
1970-01-01 00:00:00.000240213,Sugar,92155,-112138
1970-01-01 00:00:00.000240213,Cocoa,49351,-54822
1970-01-01 00:00:00.000240213,Crude Oil,171072,-191502
1970-01-01 00:00:00.000240213,Nikkei,-3388,1576
1970-01-01 00:00:00.000240213,Corn,-245939,263504
1970-01-01 00:00:00.000240213,AUD,-78976,90985
1970-01-01 00:00:00.000240213,Nasdaq,32076,-37213
1970-01-01 00:00:00.000240213,Russell 2000,-24451,16168
1970-01-01 00:00:00.000240213,Soybeans,-161751,171638
1970-01-01 00:00:00.000240213,SPX,-215778,152512
1970-01-01 00:00:00.000240220,Cocoa,48126,-52597
1970-01-01 00:00:00.000240220,Crude Oil,191901,-217474
1970-01-01 00:00:00.000240220,AUD,-81875,92611
1970-01-01 00:00:00.000240220,Nikkei,-3720,2124
1970-01-01 00:00:00.000240220,Russell 2000,-24205,19727
1970-01-01 00:00:00.000240220,Nasdaq,25561,-32432
1970-01-01 00:00:00.000240220,Corn,-266067,282468
1970-01-01 00:00:00.000240220,Soybeans,-160288,171748
1970-01-01 00:00:00.000240220,BTC,-2098,1202
1970-01-01 00:00:00.000240220,VIX,-39071,43488
1970-01-01 00:00:00.000240220,SPX,-218530,143353
1970-01-01 00:00:00.000240220,Gold,140262,-159411
1970-01-01 00:00:00.000240220,Copper,-15942,16208
1970-01-01 00:00:00.000240220,Silver,22377,-37945
1970-01-01 00:00:00.000240220,Coffee,55863,-56600
1970-01-01 00:00:00.000240220,Sugar,91690,-97693
1970-01-01 00:00:00.000240220,CAD,-863,1345
1970-01-01 00:00:00.000240220,EUR,68016,-89451
1970-01-01 00:00:00.000240220,USD Index,1546,-3126
1970-01-01 00:00:00.000240220,JPY,-120778,125854
1970-01-01 00:00:00.000240220,GBP,46312,-49006
1970-01-01 00:00:00.000240220,10Y UST,-729066,658453
1970-01-01 00:00:00.000240220,CHF,-9923,19476
1970-01-01 00:00:00.000240220,Wheat,-44639,49606
1970-01-01 00:00:00.000240227,Crude Oil,224790,-248254
1970-01-01 00:00:00.000240227,EUR,62854,-89901
1970-01-01 00:00:00.000240227,JPY,-132705,131982
1970-01-01 00:00:00.000240227,USD Index,2083,-3323
1970-01-01 00:00:00.000240227,GBP,46358,-51590
1970-01-01 00:00:00.000240227,Gold,141636,-158352
1970-01-01 00:00:00.000240227,Sugar,103254,-110952
1970-01-01 00:00:00.000240227,Silver,14499,-32448
1970-01-01 00:00:00.000240227,Copper,-1603,280
1970-01-01 00:00:00.000240227,Coffee,51700,-52424
1970-01-01 00:00:00.000240227,SPX,-224223,141214
1970-01-01 00:00:00.000240227,Cocoa,41188,-46871
1970-01-01 00:00:00.000240227,10Y UST,-665582,616385
1970-01-01 00:00:00.000240227,CAD,-1378,-573
1970-01-01 00:00:00.000240227,CHF,-11981,23709
1970-01-01 00:00:00.000240227,AUD,-79176,89777
1970-01-01 00:00:00.000240227,Corn,-232604,250628
1970-01-01 00:00:00.000240227,Soybeans,-191232,202950
1970-01-01 00:00:00.000240227,VIX,-40704,42920
1970-01-01 00:00:00.000240227,Wheat,-36981,40756
1970-01-01 00:00:00.000240227,Nikkei,-5294,3190
1970-01-01 00:00:00.000240227,Russell 2000,-18228,7956
1970-01-01 00:00:00.000240227,BTC,-1967,960
1970-01-01 00:00:00.000240227,Nasdaq,10246,-17702
1970-01-01 00:00:00.000240305,EUR,66311,-96766
1970-01-01 00:00:00.000240305,Gold,191293,-206792
1970-01-01 00:00:00.000240305,Copper,-5327,2708
1970-01-01 00:00:00.000240305,BTC,-1352,460
1970-01-01 00:00:00.000240305,JPY,-118843,113525
1970-01-01 00:00:00.000240305,GBP,58385,-64123
1970-01-01 00:00:00.000240305,VIX,-45955,49028
1970-01-01 00:00:00.000240305,CAD,-19837,23567
1970-01-01 00:00:00.000240305,SPX,-204440,120676
1970-01-01 00:00:00.000240305,USD Index,3099,-3975
1970-01-01 00:00:00.000240305,CHF,-17551,29177
1970-01-01 00:00:00.000240305,AUD,-84743,95745
1970-01-01 00:00:00.000240305,Crude Oil,238512,-271655
1970-01-01 00:00:00.000240305,Soybeans,-197241,207278
1970-01-01 00:00:00.000240305,Nasdaq,635,-10151
1970-01-01 00:00:00.000240305,Corn,-230887,239461
1970-01-01 00:00:00.000240305,Cocoa,43303,-48223
1970-01-01 00:00:00.000240305,Silver,28315,-45025
1970-01-01 00:00:00.000240305,Coffee,53472,-55358
1970-01-01 00:00:00.000240305,Sugar,81777,-80561
1970-01-01 00:00:00.000240305,10Y UST,-713258,670969
1970-01-01 00:00:00.000240305,Russell 2000,-22823,12244
1970-01-01 00:00:00.000240305,Nikkei,-4196,2296
1970-01-01 00:00:00.000240305,Wheat,-44788,47172
1970-01-01 00:00:00.000240312,Russell 2000,-19094,14991
1970-01-01 00:00:00.000240312,AUD,-90840,97678
1970-01-01 00:00:00.000240312,BTC,-994,59
1970-01-01 00:00:00.000240312,Soybeans,-180413,191331
1970-01-01 00:00:00.000240312,Nikkei,-2592,501
1970-01-01 00:00:00.000240312,SPX,-239827,141731
1970-01-01 00:00:00.000240312,10Y UST,-603546,561179
1970-01-01 00:00:00.000240312,Nasdaq,1395,-8644
1970-01-01 00:00:00.000240312,Corn,-189030,199050
1970-01-01 00:00:00.000240312,CAD,-30874,30296
1970-01-01 00:00:00.000240312,Gold,201602,-218273
1970-01-01 00:00:00.000240312,Copper,5427,-7445
1970-01-01 00:00:00.000240312,Silver,40978,-55130
1970-01-01 00:00:00.000240312,JPY,-102322,97877
1970-01-01 00:00:00.000240312,GBP,70451,-78920
1970-01-01 00:00:00.000240312,Crude Oil,233788,-265054
1970-01-01 00:00:00.000240312,CHF,-17870,28703
1970-01-01 00:00:00.000240312,Coffee,56431,-58262
1970-01-01 00:00:00.000240312,Wheat,-53769,55780
1970-01-01 00:00:00.000240312,Sugar,84963,-89468
1970-01-01 00:00:00.000240312,Cocoa,45772,-51017
1970-01-01 00:00:00.000240312,USD Index,6186,-6381
1970-01-01 00:00:00.000240312,VIX,-49106,50627
1970-01-01 00:00:00.000240312,EUR,74407,-104604
1970-01-01 00:00:00.000240319,Crude Oil,277757,-308403
1970-01-01 00:00:00.000240319,Wheat,-56060,57895
1970-01-01 00:00:00.000240319,Nikkei,-1421,-313
1970-01-01 00:00:00.000240319,AUD,-107538,116062
1970-01-01 00:00:00.000240319,Corn,-175513,183490
1970-01-01 00:00:00.000240319,Soybeans,-167653,180816
1970-01-01 00:00:00.000240319,Russell 2000,-13484,5273
1970-01-01 00:00:00.000240319,Nasdaq,11160,-17526
1970-01-01 00:00:00.000240319,USD Index,679,-1691
1970-01-01 00:00:00.000240319,EUR,48342,-74130
1970-01-01 00:00:00.000240319,CHF,-20500,33392
1970-01-01 00:00:00.000240319,GBP,53200,-57617
1970-01-01 00:00:00.000240319,JPY,-116012,115119
1970-01-01 00:00:00.000240319,BTC,-2096,1253
1970-01-01 00:00:00.000240319,VIX,-44790,48644
1970-01-01 00:00:00.000240319,CAD,-37148,41437
1970-01-01 00:00:00.000240319,SPX,-194169,110101
1970-01-01 00:00:00.000240319,Cocoa,45582,-51282
1970-01-01 00:00:00.000240319,10Y UST,-574010,526781
1970-01-01 00:00:00.000240319,Gold,201602,-217530
1970-01-01 00:00:00.000240319,Copper,31925,-39502
1970-01-01 00:00:00.000240319,Silver,52435,-64017
1970-01-01 00:00:00.000240319,Sugar,91323,-97873
1970-01-01 00:00:00.000240319,Coffee,50165,-51523
1970-01-01 00:00:00.000240326,Nikkei,-2592,73
1970-01-01 00:00:00.000240326,Crude Oil,278027,-315539
1970-01-01 00:00:00.000240326,Cocoa,36330,-42377
1970-01-01 00:00:00.000240326,10Y UST,-578307,540174
1970-01-01 00:00:00.000240326,SPX,-169439,74729
1970-01-01 00:00:00.000240326,Russell 2000,-21547,11613
1970-01-01 00:00:00.000240326,AUD,-105452,117540
1970-01-01 00:00:00.000240326,Nasdaq,-7116,-1087
1970-01-01 00:00:00.000240326,USD Index,-629,-1010
1970-01-01 00:00:00.000240326,JPY,-129106,129588
1970-01-01 00:00:00.000240326,GBP,35170,-37085
1970-01-01 00:00:00.000240326,CHF,-21968,37454
1970-01-01 00:00:00.000240326,CAD,-50290,54477
1970-01-01 00:00:00.000240326,Gold,199294,-218340
1970-01-01 00:00:00.000240326,Copper,23083,-30844
1970-01-01 00:00:00.000240326,Silver,50836,-65077
1970-01-01 00:00:00.000240326,Coffee,56035,-57733
1970-01-01 00:00:00.000240326,Sugar,100425,-118006
1970-01-01 00:00:00.000240326,EUR,31194,-54172
1970-01-01 00:00:00.000240326,BTC,-1075,109
1970-01-01 00:00:00.000240326,VIX,-43902,43722
1970-01-01 00:00:00.000240326,Soybeans,-153714,166421
1970-01-01 00:00:00.000240326,Corn,-178021,194599
1970-01-01 00:00:00.000240326,Wheat,-61722,61684
1970-01-01 00:00:00.000240402,Wheat,-60257,59755
1970-01-01 00:00:00.000240402,SPX,-78122,-20612
1970-01-01 00:00:00.000240402,BTC,160,-1008
1970-01-01 00:00:00.000240402,Crude Oil,300897,-332521
1970-01-01 00:00:00.000240402,Russell 2000,-22173,11733
1970-01-01 00:00:00.000240402,AUD,-102685,114086
1970-01-01 00:00:00.000240402,10Y UST,-569957,538818
1970-01-01 00:00:00.000240402,Soybeans,-158040,169140
1970-01-01 00:00:00.000240402,Nasdaq,-5195,-1570
1970-01-01 00:00:00.000240402,Corn,-181336,192640
1970-01-01 00:00:00.000240402,Nikkei,-2506,275
1970-01-01 00:00:00.000240402,CAD,-51223,52481
1970-01-01 00:00:00.000240402,CHF,-22370,38683
1970-01-01 00:00:00.000240402,Silver,53147,-67706
1970-01-01 00:00:00.000240402,Cocoa,33671,-39902
1970-01-01 00:00:00.000240402,EUR,16794,-33432
1970-01-01 00:00:00.000240402,VIX,-50331,53551
1970-01-01 00:00:00.000240402,Copper,20296,-28946
1970-01-01 00:00:00.000240402,Gold,207250,-225714
1970-01-01 00:00:00.000240402,USD Index,-1896,-305
1970-01-01 00:00:00.000240402,JPY,-143230,139494
1970-01-01 00:00:00.000240402,GBP,43414,-39400
1970-01-01 00:00:00.000240402,Sugar,117461,-133030
1970-01-01 00:00:00.000240402,Coffee,67482,-69399
1970-01-01 00:00:00.000240409,CAD,-53385,58340
1970-01-01 00:00:00.000240409,VIX,-31322,37550
1970-01-01 00:00:00.000240409,GBP,28252,-27055
1970-01-01 00:00:00.000240409,CHF,-31764,48083
1970-01-01 00:00:00.000240409,Cocoa,34908,-41018
1970-01-01 00:00:00.000240409,Russell 2000,-27615,17004
1970-01-01 00:00:00.000240409,Silver,53212,-71275
1970-01-01 00:00:00.000240409,Coffee,73563,-76957
1970-01-01 00:00:00.000240409,Sugar,105694,-112202
1970-01-01 00:00:00.000240409,Corn,-190191,195882
1970-01-01 00:00:00.000240409,Nikkei,-1918,-323
1970-01-01 00:00:00.000240409,AUD,-92341,101610
1970-01-01 00:00:00.000240409,10Y UST,-506885,499361
1970-01-01 00:00:00.000240409,Soybeans,-158477,165652
1970-01-01 00:00:00.000240409,Copper,42694,-49506
1970-01-01 00:00:00.000240409,Nasdaq,7543,-14503
1970-01-01 00:00:00.000240409,Gold,202419,-224582
1970-01-01 00:00:00.000240409,USD Index,-1142,-430
1970-01-01 00:00:00.000240409,BTC,-153,-838
1970-01-01 00:00:00.000240409,EUR,32723,-52032
1970-01-01 00:00:00.000240409,Wheat,-52397,53124
1970-01-01 00:00:00.000240409,JPY,-162151,156942
1970-01-01 00:00:00.000240409,Crude Oil,297137,-337747
1970-01-01 00:00:00.000240409,SPX,-62914,-41924
1970-01-01 00:00:00.000240416,AUD,-101083,116344
1970-01-01 00:00:00.000240416,Copper,47569,-56086
1970-01-01 00:00:00.000240416,Soybeans,-171893,179718
1970-01-01 00:00:00.000240416,BTC,-363,-313
1970-01-01 00:00:00.000240416,10Y UST,-362039,350006
1970-01-01 00:00:00.000240416,Corn,-204857,214170
1970-01-01 00:00:00.000240416,Coffee,76071,-78835
1970-01-01 00:00:00.000240416,VIX,-22474,26113
1970-01-01 00:00:00.000240416,Sugar,62564,-50279
1970-01-01 00:00:00.000240416,Silver,53359,-74028
1970-01-01 00:00:00.000240416,Russell 2000,-38450,34078
1970-01-01 00:00:00.000240416,Nikkei,-856,-678
1970-01-01 00:00:00.000240416,USD Index,-929,-1309
1970-01-01 00:00:00.000240416,Cocoa,33835,-40494
1970-01-01 00:00:00.000240416,SPX,74114,-186343
1970-01-01 00:00:00.000240416,CHF,-36212,52956
1970-01-01 00:00:00.000240416,GBP,8619,2972
1970-01-01 00:00:00.000240416,JPY,-165619,167742
1970-01-01 00:00:00.000240416,Nasdaq,8529,-17894
1970-01-01 00:00:00.000240416,Gold,201923,-222758
1970-01-01 00:00:00.000240416,CAD,-82815,91572
1970-01-01 00:00:00.000240416,EUR,12224,-28654
1970-01-01 00:00:00.000240416,Crude Oil,290462,-329084
1970-01-01 00:00:00.000240416,Wheat,-62897,61586
1970-01-01 00:00:00.000240423,CHF,-42562,56317
1970-01-01 00:00:00.000240423,BTC,0,-657
1970-01-01 00:00:00.000240423,Cocoa,29584,-35403
1970-01-01 00:00:00.000240423,AUD,-96239,114876
1970-01-01 00:00:00.000240423,Gold,202891,-226872
1970-01-01 00:00:00.000240423,Crude Oil,264836,-307525
1970-01-01 00:00:00.000240423,Russell 2000,-36100,30140
1970-01-01 00:00:00.000240423,CAD,-76450,84462
1970-01-01 00:00:00.000240423,VIX,-18000,23471
1970-01-01 00:00:00.000240423,EUR,-9989,-5265
1970-01-01 00:00:00.000240423,GBP,-26233,40853
1970-01-01 00:00:00.000240423,Soybeans,-154570,159322
1970-01-01 00:00:00.000240423,10Y UST,-353920,356954
1970-01-01 00:00:00.000240423,JPY,-179919,179144
1970-01-01 00:00:00.000240423,Wheat,-43391,45239
1970-01-01 00:00:00.000240423,Nasdaq,6125,-18478
1970-01-01 00:00:00.000240423,USD Index,-213,-2126
1970-01-01 00:00:00.000240423,SPX,67678,-189951
1970-01-01 00:00:00.000240423,Nikkei,-1384,11
1970-01-01 00:00:00.000240423,Silver,59340,-77409
1970-01-01 00:00:00.000240423,Sugar,45101,-39150
1970-01-01 00:00:00.000240423,Coffee,71914,-75215
1970-01-01 00:00:00.000240423,Corn,-160168,172388
1970-01-01 00:00:00.000240423,Copper,58394,-66195
1970-01-01 00:00:00.000240430,JPY,-168388,176122
1970-01-01 00:00:00.000240430,Corn,-143424,157105
1970-01-01 00:00:00.000240430,BTC,6,-530
1970-01-01 00:00:00.000240430,Soybeans,-162343,168676
1970-01-01 00:00:00.000240430,10Y UST,-432965,457279
1970-01-01 00:00:00.000240430,Cocoa,27152,-32122
1970-01-01 00:00:00.000240430,AUD,-83235,92394
1970-01-01 00:00:00.000240430,GBP,-28990,43560
1970-01-01 00:00:00.000240430,Sugar,40305,-29820
1970-01-01 00:00:00.000240430,VIX,-22433,28429
1970-01-01 00:00:00.000240430,Nasdaq,2772,-14557
1970-01-01 00:00:00.000240430,Wheat,-24456,32562
1970-01-01 00:00:00.000240430,Coffee,68590,-72156
1970-01-01 00:00:00.000240430,USD Index,-35,-2189
1970-01-01 00:00:00.000240430,SPX,43133,-150593
1970-01-01 00:00:00.000240430,EUR,-6777,-10737
1970-01-01 00:00:00.000240430,CHF,-41786,58283
1970-01-01 00:00:00.000240430,Gold,204210,-227498
1970-01-01 00:00:00.000240430,Copper,58064,-66642
1970-01-01 00:00:00.000240430,Silver,54494,-75196
1970-01-01 00:00:00.000240430,CAD,-63201,70490
1970-01-01 00:00:00.000240430,Russell 2000,-40289,35892
1970-01-01 00:00:00.000240430,Crude Oil,265461,-308743
1970-01-01 00:00:00.000240430,Nikkei,-1791,909
1970-01-01 00:00:00.000240507,Nasdaq,4405,-10633
1970-01-01 00:00:00.000240507,Gold,199567,-227266
1970-01-01 00:00:00.000240507,USD Index,1853,-3392
1970-01-01 00:00:00.000240507,Wheat,-17785,27005
1970-01-01 00:00:00.000240507,Coffee,62877,-66039
1970-01-01 00:00:00.000240507,VIX,-38879,41509
1970-01-01 00:00:00.000240507,Sugar,28561,-25176
1970-01-01 00:00:00.000240507,Nikkei,-3407,1621
1970-01-01 00:00:00.000240507,SPX,-9695,-95129
1970-01-01 00:00:00.000240507,Crude Oil,215444,-261071
1970-01-01 00:00:00.000240507,Copper,62648,-70012
1970-01-01 00:00:00.000240507,EUR,4590,-22279
1970-01-01 00:00:00.000240507,BTC,-783,134
1970-01-01 00:00:00.000240507,Russell 2000,-38000,31638
1970-01-01 00:00:00.000240507,Cocoa,26562,-32495
1970-01-01 00:00:00.000240507,GBP,-21813,32970
1970-01-01 00:00:00.000240507,Silver,53652,-74415
1970-01-01 00:00:00.000240507,Corn,-31354,56642
1970-01-01 00:00:00.000240507,CHF,-41787,53109
1970-01-01 00:00:00.000240507,AUD,-64516,72522
1970-01-01 00:00:00.000240507,Soybeans,-60048,74323
1970-01-01 00:00:00.000240507,10Y UST,-481620,457222
1970-01-01 00:00:00.000240507,CAD,-69221,71845
1970-01-01 00:00:00.000240507,JPY,-134922,141773
1970-01-01 00:00:00.000240514,BTC,-177,-421
1970-01-01 00:00:00.000240514,SPX,-25284,-73047
1970-01-01 00:00:00.000240514,Crude Oil,203043,-250961
1970-01-01 00:00:00.000240514,VIX,-48061,47902
1970-01-01 00:00:00.000240514,Corn,224,40405
1970-01-01 00:00:00.000240514,CHF,-41107,51769
1970-01-01 00:00:00.000240514,JPY,-126182,133294
1970-01-01 00:00:00.000240514,Silver,59461,-81422
1970-01-01 00:00:00.000240514,Gold,204496,-232110
1970-01-01 00:00:00.000240514,EUR,17155,-38282
1970-01-01 00:00:00.000240514,Wheat,-5415,14159
1970-01-01 00:00:00.000240514,Nasdaq,3170,-11068
1970-01-01 00:00:00.000240514,Russell 2000,-32067,23332
1970-01-01 00:00:00.000240514,USD Index,2435,-3790
1970-01-01 00:00:00.000240514,Coffee,57211,-59694
1970-01-01 00:00:00.000240514,CAD,-80303,78220
1970-01-01 00:00:00.000240514,Sugar,25891,-11459
1970-01-01 00:00:00.000240514,Cocoa,27958,-33568
1970-01-01 00:00:00.000240514,Soybeans,-65975,81604
1970-01-01 00:00:00.000240514,10Y UST,-347811,351641
1970-01-01 00:00:00.000240514,AUD,-77171,77142
1970-01-01 00:00:00.000240514,Nikkei,-2756,1346
1970-01-01 00:00:00.000240514,Copper,61780,-69656
1970-01-01 00:00:00.000240514,GBP,-20075,26795
1970-01-01 00:00:00.000240521,Nikkei,-2245,1103
1970-01-01 00:00:00.000240521,USD Index,3518,-4085
1970-01-01 00:00:00.000240521,Wheat,-12522,19733
1970-01-01 00:00:00.000240521,Nasdaq,4718,-16887
1970-01-01 00:00:00.000240521,Copper,71694,-81717
1970-01-01 00:00:00.000240521,Crude Oil,219300,-266426
1970-01-01 00:00:00.000240521,Soybeans,-44982,60129
1970-01-01 00:00:00.000240521,10Y UST,-400972,388831
1970-01-01 00:00:00.000240521,Silver,59644,-83094
1970-01-01 00:00:00.000240521,BTC,-890,122
1970-01-01 00:00:00.000240521,JPY,-144367,146517
1970-01-01 00:00:00.000240521,GBP,1053,-20
1970-01-01 00:00:00.000240521,CHF,-40645,51353
1970-01-01 00:00:00.000240521,Corn,-41827,76085
1970-01-01 00:00:00.000240521,Cocoa,28891,-34663
1970-01-01 00:00:00.000240521,AUD,-56233,51593
1970-01-01 00:00:00.000240521,VIX,-51392,51248
1970-01-01 00:00:00.000240521,Gold,229806,-258663
1970-01-01 00:00:00.000240521,Sugar,8421,6623
1970-01-01 00:00:00.000240521,SPX,-22774,-91982
1970-01-01 00:00:00.000240521,CAD,-90824,91857
1970-01-01 00:00:00.000240521,EUR,41475,-69453
1970-01-01 00:00:00.000240521,Russell 2000,-37584,28361
1970-01-01 00:00:00.000240521,Coffee,59386,-62297
1970-01-01 00:00:00.000240528,Crude Oil,243926,-278874
1970-01-01 00:00:00.000240528,AUD,-49916,49360
1970-01-01 00:00:00.000240528,Russell 2000,-33845,27036
1970-01-01 00:00:00.000240528,Nikkei,-1636,49
1970-01-01 00:00:00.000240528,Gold,236585,-260950
1970-01-01 00:00:00.000240528,CAD,-86585,90353
1970-01-01 00:00:00.000240528,CHF,-44366,57936
1970-01-01 00:00:00.000240528,Coffee,63033,-66372
1970-01-01 00:00:00.000240528,Wheat,-14393,21208
1970-01-01 00:00:00.000240528,Nasdaq,-3726,-6683
1970-01-01 00:00:00.000240528,EUR,57572,-84652
1970-01-01 00:00:00.000240528,Sugar,5105,8283
1970-01-01 00:00:00.000240528,VIX,-42744,41398
1970-01-01 00:00:00.000240528,SPX,-2208,-105944
1970-01-01 00:00:00.000240528,Silver,57183,-81072
1970-01-01 00:00:00.000240528,GBP,25402,-32173
1970-01-01 00:00:00.000240528,JPY,-156039,166122
1970-01-01 00:00:00.000240528,Soybeans,-25908,44728
1970-01-01 00:00:00.000240528,10Y UST,-388175,353169
1970-01-01 00:00:00.000240528,BTC,-756,-148
1970-01-01 00:00:00.000240528,USD Index,4174,-5436
1970-01-01 00:00:00.000240528,Corn,-51632,90934
1970-01-01 00:00:00.000240528,Copper,65522,-76754
1970-01-01 00:00:00.000240528,Cocoa,32570,-38425
1970-01-01 00:00:00.000240604,Copper,61127,-74715
1970-01-01 00:00:00.000240604,Sugar,-4040,12341
1970-01-01 00:00:00.000240604,Crude Oil,210705,-253631
1970-01-01 00:00:00.000240604,Nikkei,-1563,-128
1970-01-01 00:00:00.000240604,Corn,-119933,155249
1970-01-01 00:00:00.000240604,SPX,-65000,-47092
1970-01-01 00:00:00.000240604,Silver,56403,-81520
1970-01-01 00:00:00.000240604,Coffee,67649,-70285
1970-01-01 00:00:00.000240604,Gold,237302,-265931
1970-01-01 00:00:00.000240604,USD Index,4887,-6184
1970-01-01 00:00:00.000240604,Wheat,-18121,25545
1970-01-01 00:00:00.000240604,Nasdaq,1997,-13027
1970-01-01 00:00:00.000240604,GBP,43210,-48778
1970-01-01 00:00:00.000240604,Soybeans,-51989,71292
1970-01-01 00:00:00.000240604,10Y UST,-454755,443655
1970-01-01 00:00:00.000240604,BTC,-1119,366
1970-01-01 00:00:00.000240604,JPY,-132101,129895
1970-01-01 00:00:00.000240604,Cocoa,33645,-40799
1970-01-01 00:00:00.000240604,EUR,67870,-98786
1970-01-01 00:00:00.000240604,VIX,-41275,41985
1970-01-01 00:00:00.000240604,CHF,-45763,56817
1970-01-01 00:00:00.000240604,CAD,-91639,99904
1970-01-01 00:00:00.000240604,Russell 2000,-34355,25469
1970-01-01 00:00:00.000240604,AUD,-51303,46923
1970-01-01 00:00:00.000240611,Gold,233926,-260511
1970-01-01 00:00:00.000240611,Sugar,11070,-3963
1970-01-01 00:00:00.000240611,Coffee,63445,-65967
1970-01-01 00:00:00.000240611,VIX,-48438,47762
1970-01-01 00:00:00.000240611,CAD,-129493,138061
1970-01-01 00:00:00.000240611,Copper,61288,-73291
1970-01-01 00:00:00.000240611,Cocoa,35331,-41563
1970-01-01 00:00:00.000240611,Silver,51692,-78337
1970-01-01 00:00:00.000240611,JPY,-138579,145627
1970-01-01 00:00:00.000240611,Crude Oil,233484,-260177
1970-01-01 00:00:00.000240611,GBP,52121,-56434
1970-01-01 00:00:00.000240611,BTC,-1138,449
1970-01-01 00:00:00.000240611,EUR,43644,-72345
1970-01-01 00:00:00.000240611,CHF,-42863,53865
1970-01-01 00:00:00.000240611,USD Index,5013,-6662
1970-01-01 00:00:00.000240611,Wheat,-25026,28673
1970-01-01 00:00:00.000240611,SPX,-111414,-11051
1970-01-01 00:00:00.000240611,Russell 2000,-38295,32428
1970-01-01 00:00:00.000240611,Nasdaq,-8032,-312
1970-01-01 00:00:00.000240611,10Y UST,-307692,280692
1970-01-01 00:00:00.000240611,AUD,-64785,62043
1970-01-01 00:00:00.000240611,Corn,-101032,135664
1970-01-01 00:00:00.000240611,Soybeans,-56345,72385
1970-01-01 00:00:00.000240611,Nikkei,-49,-1626
1970-01-01 00:00:00.000240618,Gold,243084,-267730
1970-01-01 00:00:00.000240618,AUD,-41656,36384
1970-01-01 00:00:00.000240618,Nikkei,-5189,3920
1970-01-01 00:00:00.000240618,CHF,-37390,44624
1970-01-01 00:00:00.000240618,CAD,-147931,158379
1970-01-01 00:00:00.000240618,Russell 2000,-57848,52556
1970-01-01 00:00:00.000240618,VIX,-49429,48606
1970-01-01 00:00:00.000240618,EUR,7951,-27864
1970-01-01 00:00:00.000240618,Cocoa,33741,-39779
1970-01-01 00:00:00.000240618,BTC,-723,225
1970-01-01 00:00:00.000240618,JPY,-147753,159766
1970-01-01 00:00:00.000240618,10Y UST,-367606,330414
1970-01-01 00:00:00.000240618,GBP,47621,-48760
1970-01-01 00:00:00.000240618,Soybeans,-74302,87774
1970-01-01 00:00:00.000240618,Nasdaq,-3825,-4172
1970-01-01 00:00:00.000240618,Wheat,-26570,32123
1970-01-01 00:00:00.000240618,USD Index,17595,-19522
1970-01-01 00:00:00.000240618,Crude Oil,246849,-274623
1970-01-01 00:00:00.000240618,Coffee,67549,-70313
1970-01-01 00:00:00.000240618,Corn,-76711,112382
1970-01-01 00:00:00.000240618,SPX,-114110,10139
1970-01-01 00:00:00.000240618,Copper,52621,-64515
1970-01-01 00:00:00.000240618,Silver,51901,-78602
1970-01-01 00:00:00.000240618,Sugar,18524,-12669
1970-01-01 00:00:00.000240625,BTC,-624,241
1970-01-01 00:00:00.000240625,JPY,-173900,181858
1970-01-01 00:00:00.000240625,Cocoa,29357,-35345
1970-01-01 00:00:00.000240625,10Y UST,-319844,279162
1970-01-01 00:00:00.000240625,AUD,-23676,19343
1970-01-01 00:00:00.000240625,Soybeans,-111179,118244
1970-01-01 00:00:00.000240625,Silver,55978,-80718
1970-01-01 00:00:00.000240625,CHF,-35057,49331
1970-01-01 00:00:00.000240625,Russell 2000,-50021,43649
1970-01-01 00:00:00.000240625,Corn,-169783,193911
1970-01-01 00:00:00.000240625,GBP,44048,-45026
1970-01-01 00:00:00.000240625,VIX,-61035,63589
1970-01-01 00:00:00.000240625,Sugar,37187,-43286
1970-01-01 00:00:00.000240625,Nasdaq,7395,-18260
1970-01-01 00:00:00.000240625,Coffee,70712,-73719
1970-01-01 00:00:00.000240625,USD Index,17522,-19365
1970-01-01 00:00:00.000240625,Wheat,-44532,46557
1970-01-01 00:00:00.000240625,SPX,-65247,-46099
1970-01-01 00:00:00.000240625,EUR,-8431,-9767
1970-01-01 00:00:00.000240625,Nikkei,-4901,3918
1970-01-01 00:00:00.000240625,Gold,246229,-271488
1970-01-01 00:00:00.000240625,Copper,50126,-62465
1970-01-01 00:00:00.000240625,Crude Oil,271245,-302669
1970-01-01 00:00:00.000240625,CAD,-122412,126330
1970-01-01 00:00:00.000240702,Coffee,67761,-70619
1970-01-01 00:00:00.000240702,SPX,-11808,-98013
1970-01-01 00:00:00.000240702,JPY,-184223,194545
1970-01-01 00:00:00.000240702,BTC,-912,512
1970-01-01 00:00:00.000240702,Cocoa,30162,-36588
1970-01-01 00:00:00.000240702,Crude Oil,279946,-311082
1970-01-01 00:00:00.000240702,Nasdaq,10776,-21182
1970-01-01 00:00:00.000240702,CAD,-120352,124503
1970-01-01 00:00:00.000240702,EUR,-9519,-12721
1970-01-01 00:00:00.000240702,Wheat,-38690,43932
1970-01-01 00:00:00.000240702,Sugar,64858,-79686
1970-01-01 00:00:00.000240702,USD Index,16582,-18558
1970-01-01 00:00:00.000240702,Copper,49223,-62127
1970-01-01 00:00:00.000240702,AUD,-15836,11293
1970-01-01 00:00:00.000240702,Gold,241543,-264799
1970-01-01 00:00:00.000240702,VIX,-53425,55683
1970-01-01 00:00:00.000240702,Soybeans,-122214,129811
1970-01-01 00:00:00.000240702,CHF,-43443,56434
1970-01-01 00:00:00.000240702,Nikkei,-4369,3344
1970-01-01 00:00:00.000240702,Russell 2000,-75435,66952
1970-01-01 00:00:00.000240702,Silver,55834,-79955
1970-01-01 00:00:00.000240702,Corn,-228711,235768
1970-01-01 00:00:00.000240702,GBP,62041,-65059
1970-01-01 00:00:00.000240702,10Y UST,-345376,308275
1970-01-01 00:00:00.000240709,EUR,3623,-27239
1970-01-01 00:00:00.000240709,Wheat,-34786,39865
1970-01-01 00:00:00.000240709,VIX,-61478,61231
1970-01-01 00:00:00.000240709,SPX,-55011,-43078
1970-01-01 00:00:00.000240709,Sugar,68019,-80789
1970-01-01 00:00:00.000240709,Gold,254775,-280629
1970-01-01 00:00:00.000240709,AUD,2413,-12132
1970-01-01 00:00:00.000240709,Crude Oil,283894,-325437
1970-01-01 00:00:00.000240709,Corn,-239941,250562
1970-01-01 00:00:00.000240709,10Y UST,-417904,350466
1970-01-01 00:00:00.000240709,GBP,84690,-94586
1970-01-01 00:00:00.000240709,BTC,-118,-88
1970-01-01 00:00:00.000240709,Soybeans,-150150,160682
1970-01-01 00:00:00.000240709,CHF,-46088,59298
1970-01-01 00:00:00.000240709,Russell 2000,-67626,58789
1970-01-01 00:00:00.000240709,Silver,61056,-84790
1970-01-01 00:00:00.000240709,USD Index,16208,-17419
1970-01-01 00:00:00.000240709,Nasdaq,5217,-15719
1970-01-01 00:00:00.000240709,Coffee,75420,-78578
1970-01-01 00:00:00.000240709,Copper,56031,-67549
1970-01-01 00:00:00.000240709,JPY,-182033,189867
1970-01-01 00:00:00.000240709,Cocoa,31740,-38427
1970-01-01 00:00:00.000240709,CAD,-111212,113308
1970-01-01 00:00:00.000240709,Nikkei,-4792,3218
1970-01-01 00:00:00.000240716,Sugar,67589,-76328
1970-01-01 00:00:00.000240716,GBP,132902,-149118
1970-01-01 00:00:00.000240716,10Y UST,-637486,537647
1970-01-01 00:00:00.000240716,Corn,-238816,246223
1970-01-01 00:00:00.000240716,Cocoa,32278,-37643
1970-01-01 00:00:00.000240716,JPY,-151072,159089
1970-01-01 00:00:00.000240716,CAD,-132473,137579
1970-01-01 00:00:00.000240716,Copper,58900,-69858
1970-01-01 00:00:00.000240716,AUD,11113,-27883
1970-01-01 00:00:00.000240716,Russell 2000,-47337,35373
1970-01-01 00:00:00.000240716,CHF,-49793,61672
1970-01-01 00:00:00.000240716,Soybeans,-161503,173410
1970-01-01 00:00:00.000240716,Silver,60165,-83735
1970-01-01 00:00:00.000240716,Wheat,-36067,42315
1970-01-01 00:00:00.000240716,Gold,285024,-309304
1970-01-01 00:00:00.000240716,USD Index,18550,-19278
1970-01-01 00:00:00.000240716,EUR,24749,-49549
1970-01-01 00:00:00.000240716,Nikkei,-5293,2794
1970-01-01 00:00:00.000240716,Coffee,70979,-74326
1970-01-01 00:00:00.000240716,Nasdaq,5682,-18500
1970-01-01 00:00:00.000240716,Crude Oil,287601,-325064
1970-01-01 00:00:00.000240716,VIX,-62305,63725
1970-01-01 00:00:00.000240716,SPX,-65444,-37170
1970-01-01 00:00:00.000240716,BTC,-579,181
1970-01-01 00:00:00.000240723,GBP,142183,-154269
1970-01-01 00:00:00.000240723,Silver,51380,-73816
1970-01-01 00:00:00.000240723,EUR,35906,-59873
1970-01-01 00:00:00.000240723,Nasdaq,-613,-17180
1970-01-01 00:00:00.000240723,CAD,-161603,168664
1970-01-01 00:00:00.000240723,Corn,-221952,232230
1970-01-01 00:00:00.000240723,AUD,-8814,-4043
1970-01-01 00:00:00.000240723,BTC,-661,182
1970-01-01 00:00:00.000240723,Nikkei,-5725,3596
1970-01-01 00:00:00.000240723,Cocoa,33303,-39007
1970-01-01 00:00:00.000240723,Russell 2000,-57083,44418
1970-01-01 00:00:00.000240723,JPY,-107108,108768
1970-01-01 00:00:00.000240723,Copper,42220,-52630
1970-01-01 00:00:00.000240723,Gold,273074,-300925
1970-01-01 00:00:00.000240723,Crude Oil,275998,-311450
1970-01-01 00:00:00.000240723,10Y UST,-641929,527560
1970-01-01 00:00:00.000240723,USD Index,18220,-18909
1970-01-01 00:00:00.000240723,VIX,-58038,65231
1970-01-01 00:00:00.000240723,Soybeans,-138423,149236
1970-01-01 00:00:00.000240723,Sugar,35245,-31380
1970-01-01 00:00:00.000240723,Wheat,-34615,40836
1970-01-01 00:00:00.000240723,SPX,-13221,-95397
1970-01-01 00:00:00.000240723,CHF,-42237,54568
1970-01-01 00:00:00.000240723,Coffee,66500,-69178
1970-01-01 00:00:00.000240730,Wheat,-43258,48593
1970-01-01 00:00:00.000240730,BTC,-1002,327
1970-01-01 00:00:00.000240730,CHF,-34520,45149
1970-01-01 00:00:00.000240730,10Y UST,-728470,633677
1970-01-01 00:00:00.000240730,Gold,246601,-272857
1970-01-01 00:00:00.000240730,Soybeans,-167900,178957
1970-01-01 00:00:00.000240730,GBP,111471,-123159
1970-01-01 00:00:00.000240730,AUD,-31370,32830
1970-01-01 00:00:00.000240730,Nikkei,-3863,2096
1970-01-01 00:00:00.000240730,Russell 2000,-33985,17847
1970-01-01 00:00:00.000240730,USD Index,16958,-18205
1970-01-01 00:00:00.000240730,Coffee,63016,-64851
1970-01-01 00:00:00.000240730,SPX,11956,-123402
1970-01-01 00:00:00.000240730,Sugar,36479,-34550
1970-01-01 00:00:00.000240730,VIX,-49653,55352
1970-01-01 00:00:00.000240730,Corn,-212442,225558
1970-01-01 00:00:00.000240730,Copper,24475,-35663
1970-01-01 00:00:00.000240730,Crude Oil,245493,-278204
1970-01-01 00:00:00.000240730,Cocoa,32870,-39256
1970-01-01 00:00:00.000240730,JPY,-73460,77580
1970-01-01 00:00:00.000240730,CAD,-196263,203786
1970-01-01 00:00:00.000240730,EUR,17799,-40813
1970-01-01 00:00:00.000240730,Nasdaq,2422,-26248
1970-01-01 00:00:00.000240730,Silver,49061,-70370
1970-01-01 00:00:00.000240806,CAD,-181632,185438
1970-01-01 00:00:00.000240806,SPX,33990,-118575
1970-01-01 00:00:00.000240806,Silver,49081,-69631
1970-01-01 00:00:00.000240806,Coffee,59207,-61771
1970-01-01 00:00:00.000240806,Sugar,25815,-20274
1970-01-01 00:00:00.000240806,Corn,-151969,173479
1970-01-01 00:00:00.000240806,Gold,238749,-269034
1970-01-01 00:00:00.000240806,Nikkei,-1727,889
1970-01-01 00:00:00.000240806,Crude Oil,222342,-247414
1970-01-01 00:00:00.000240806,Copper,19598,-28281
1970-01-01 00:00:00.000240806,Wheat,-40385,46947
1970-01-01 00:00:00.000240806,USD Index,16136,-15827
1970-01-01 00:00:00.000240806,Nasdaq,12611,-31501
1970-01-01 00:00:00.000240806,EUR,33580,-57860
1970-01-01 00:00:00.000240806,10Y UST,-776208,638673
1970-01-01 00:00:00.000240806,GBP,74399,-81080
1970-01-01 00:00:00.000240806,AUD,-40199,44743
1970-01-01 00:00:00.000240806,BTC,538,-719
1970-01-01 00:00:00.000240806,Cocoa,31097,-37073
1970-01-01 00:00:00.000240806,JPY,-11354,12196
1970-01-01 00:00:00.000240806,VIX,-43545,55847
1970-01-01 00:00:00.000240806,Soybeans,-159128,173211
1970-01-01 00:00:00.000240806,CHF,-22073,29131
1970-01-01 00:00:00.000240806,Russell 2000,-2595,-6502
1970-01-01 00:00:00.000240813,SPX,-23451,-47518
1970-01-01 00:00:00.000240813,CHF,-21664,26308
1970-01-01 00:00:00.000240813,Russell 2000,-13256,4580
1970-01-01 00:00:00.000240813,Nasdaq,8484,-21221
1970-01-01 00:00:00.000240813,Soybeans,-165723,181179
1970-01-01 00:00:00.000240813,Coffee,58940,-62278
1970-01-01 00:00:00.000240813,Corn,-154005,178071
1970-01-01 00:00:00.000240813,Sugar,34562,-33023
1970-01-01 00:00:00.000240813,CAD,-179611,180958
1970-01-01 00:00:00.000240813,VIX,-20262,18416
1970-01-01 00:00:00.000240813,USD Index,18536,-17120
1970-01-01 00:00:00.000240813,Nikkei,-75,223
1970-01-01 00:00:00.000240813,Gold,267264,-292502
1970-01-01 00:00:00.000240813,Wheat,-38905,43517
1970-01-01 00:00:00.000240813,BTC,395,-676
1970-01-01 00:00:00.000240813,Cocoa,30268,-35738
1970-01-01 00:00:00.000240813,JPY,23104,-23527
1970-01-01 00:00:00.000240813,10Y UST,-860243,715466
1970-01-01 00:00:00.000240813,EUR,26983,-54027
1970-01-01 00:00:00.000240813,Silver,45289,-66776
1970-01-01 00:00:00.000240813,GBP,47812,-58340
1970-01-01 00:00:00.000240813,Copper,15797,-24403
1970-01-01 00:00:00.000240813,AUD,-42616,48481
1970-01-01 00:00:00.000240813,Crude Oil,231543,-259586
1970-01-01 00:00:00.000240820,Crude Oil,222288,-254073
1970-01-01 00:00:00.000240820,Cocoa,28888,-35270
1970-01-01 00:00:00.000240820,Sugar,19304,-13294
1970-01-01 00:00:00.000240820,SPX,-84803,-4339
1970-01-01 00:00:00.000240820,EUR,56017,-89224
1970-01-01 00:00:00.000240820,USD Index,17591,-16372
1970-01-01 00:00:00.000240820,VIX,-24592,21531
1970-01-01 00:00:00.000240820,BTC,-243,17
1970-01-01 00:00:00.000240820,Corn,-165296,197121
1970-01-01 00:00:00.000240820,Wheat,-25706,31360
1970-01-01 00:00:00.000240820,Nikkei,-2391,1342
1970-01-01 00:00:00.000240820,JPY,23585,-28401
1970-01-01 00:00:00.000240820,Russell 2000,-27127,14057
1970-01-01 00:00:00.000240820,Soybeans,-178893,197454
1970-01-01 00:00:00.000240820,10Y UST,-1038112,898127
1970-01-01 00:00:00.000240820,Nasdaq,11381,-22205
1970-01-01 00:00:00.000240820,AUD,-38885,38366
1970-01-01 00:00:00.000240820,Gold,291253,-316506
1970-01-01 00:00:00.000240820,CHF,-25714,30096
1970-01-01 00:00:00.000240820,Coffee,64158,-67737
1970-01-01 00:00:00.000240820,CAD,-164410,167006
1970-01-01 00:00:00.000240820,Silver,49324,-71228
1970-01-01 00:00:00.000240820,GBP,67511,-79955
1970-01-01 00:00:00.000240820,Copper,20274,-28005
1970-01-01 00:00:00.000240827,BTC,-166,-132
1970-01-01 00:00:00.000240827,Corn,-148534,175015
1970-01-01 00:00:00.000240827,Coffee,66907,-70522
1970-01-01 00:00:00.000240827,Sugar,47915,-52993
1970-01-01 00:00:00.000240827,CHF,-24612,27446
1970-01-01 00:00:00.000240827,Crude Oil,226699,-250673
1970-01-01 00:00:00.000240827,CAD,-110002,106144
1970-01-01 00:00:00.000240827,SPX,-81908,-29163
1970-01-01 00:00:00.000240827,Wheat,-32681,35914
1970-01-01 00:00:00.000240827,Soybeans,-184266,198947
1970-01-01 00:00:00.000240827,Nasdaq,21440,-36200
1970-01-01 00:00:00.000240827,10Y UST,-914437,755196
1970-01-01 00:00:00.000240827,Nikkei,-1853,1288
1970-01-01 00:00:00.000240827,Silver,52186,-72140
1970-01-01 00:00:00.000240827,AUD,-19159,7222
1970-01-01 00:00:00.000240827,GBP,89931,-105245
1970-01-01 00:00:00.000240827,EUR,92838,-135522
1970-01-01 00:00:00.000240827,JPY,25868,-31450
1970-01-01 00:00:00.000240827,Gold,294445,-322319
1970-01-01 00:00:00.000240827,VIX,-30472,29737
1970-01-01 00:00:00.000240827,Copper,17145,-26002
1970-01-01 00:00:00.000240827,Cocoa,30192,-37450
1970-01-01 00:00:00.000240827,USD Index,18913,-17555
1970-01-01 00:00:00.000240827,Russell 2000,-15281,-326
1970-01-01 00:00:00.000240903,AUD,-7864,-6812
1970-01-01 00:00:00.000240903,Silver,46059,-64529
1970-01-01 00:00:00.000240903,10Y UST,-1002827,846839
1970-01-01 00:00:00.000240903,CAD,-68544,62013
1970-01-01 00:00:00.000240903,Russell 2000,260,-12603
1970-01-01 00:00:00.000240903,Nikkei,-2439,1252
1970-01-01 00:00:00.000240903,Soybeans,-162025,184576
1970-01-01 00:00:00.000240903,Copper,12961,-18964
1970-01-01 00:00:00.000240903,Gold,287558,-311887
1970-01-01 00:00:00.000240903,Corn,-90483,122906
1970-01-01 00:00:00.000240903,Nasdaq,25988,-40818
1970-01-01 00:00:00.000240903,GBP,108078,-120955
1970-01-01 00:00:00.000240903,Coffee,63921,-66756
1970-01-01 00:00:00.000240903,Sugar,72802,-78891
1970-01-01 00:00:00.000240903,BTC,108,-351
1970-01-01 00:00:00.000240903,VIX,-25889,24890
1970-01-01 00:00:00.000240903,CHF,-21882,23439
1970-01-01 00:00:00.000240903,Wheat,-27742,33399
1970-01-01 00:00:00.000240903,EUR,100018,-141548
1970-01-01 00:00:00.000240903,Crude Oil,177035,-204506
1970-01-01 00:00:00.000240903,USD Index,19429,-17906
1970-01-01 00:00:00.000240903,JPY,41116,-46765
1970-01-01 00:00:00.000240903,Cocoa,31930,-38437
1970-01-01 00:00:00.000240903,SPX,-48819,-47646
1970-01-01 00:00:00.000240910,JPY,55770,-66719
1970-01-01 00:00:00.000240910,VIX,-15111,19037
1970-01-01 00:00:00.000240910,Gold,282501,-306899
1970-01-01 00:00:00.000240910,USD Index,20210,-17979
1970-01-01 00:00:00.000240910,Cocoa,32225,-38269
1970-01-01 00:00:00.000240910,Copper,12812,-18448
1970-01-01 00:00:00.000240910,Coffee,63447,-66209
1970-01-01 00:00:00.000240910,Silver,44742,-62086
1970-01-01 00:00:00.000240910,Russell 2000,5727,-17531
1970-01-01 00:00:00.000240910,AUD,-14042,2620
1970-01-01 00:00:00.000240910,GBP,90288,-107278
1970-01-01 00:00:00.000240910,10Y UST,-1022105,901605
1970-01-01 00:00:00.000240910,Soybeans,-144231,168163
1970-01-01 00:00:00.000240910,Nikkei,-1966,-198
1970-01-01 00:00:00.000240910,Nasdaq,25626,-37842
1970-01-01 00:00:00.000240910,EUR,81433,-123807
1970-01-01 00:00:00.000240910,Wheat,-16303,24280
1970-01-01 00:00:00.000240910,CAD,-68953,66918
1970-01-01 00:00:00.000240910,SPX,-59388,-15254
1970-01-01 00:00:00.000240910,Crude Oil,140014,-163834
1970-01-01 00:00:00.000240910,CHF,-21304,20885
1970-01-01 00:00:00.000240910,BTC,-353,85
1970-01-01 00:00:00.000240910,Corn,-47760,92844
1970-01-01 00:00:00.000240910,Sugar,63403,-65218
1970-01-01 00:00:00.000240917,Nikkei,-2464,1576
1970-01-01 00:00:00.000240917,Copper,19682,-25602
1970-01-01 00:00:00.000240917,Corn,-66295,104089
1970-01-01 00:00:00.000240917,Coffee,70128,-73522
1970-01-01 00:00:00.000240917,Sugar,72250,-79058
1970-01-01 00:00:00.000240917,Silver,58298,-77306
1970-01-01 00:00:00.000240917,Wheat,-14189,20379
1970-01-01 00:00:00.000240917,CHF,-17108,17728
1970-01-01 00:00:00.000240917,Crude Oil,145328,-166110
1970-01-01 00:00:00.000240917,SPX,-122948,37745
1970-01-01 00:00:00.000240917,Cocoa,33753,-39580
1970-01-01 00:00:00.000240917,USD Index,1798,83
1970-01-01 00:00:00.000240917,EUR,69646,-114402
1970-01-01 00:00:00.000240917,BTC,-973,596
1970-01-01 00:00:00.000240917,VIX,-6513,11303
1970-01-01 00:00:00.000240917,GBP,62979,-79751
1970-01-01 00:00:00.000240917,CAD,-73150,68061
1970-01-01 00:00:00.000240917,Nasdaq,19233,-32928
1970-01-01 00:00:00.000240917,10Y UST,-1094026,943854
1970-01-01 00:00:00.000240917,Gold,310066,-335127
1970-01-01 00:00:00.000240917,JPY,56840,-71839
1970-01-01 00:00:00.000240917,Russell 2000,2986,-15705
1970-01-01 00:00:00.000240917,Soybeans,-134638,155638
1970-01-01 00:00:00.000240917,AUD,-40122,31978
1970-01-01 00:00:00.000240924,VIX,-5067,6667
1970-01-01 00:00:00.000240924,Nasdaq,16039,-29423
1970-01-01 00:00:00.000240924,Cocoa,36014,-42210
1970-01-01 00:00:00.000240924,Copper,33130,-39627
1970-01-01 00:00:00.000240924,AUD,-11248,-4644
1970-01-01 00:00:00.000240924,EUR,71698,-112828
1970-01-01 00:00:00.000240924,Russell 2000,21907,-36441
1970-01-01 00:00:00.000240924,Wheat,-12090,17154
1970-01-01 00:00:00.000240924,Coffee,68519,-73178
1970-01-01 00:00:00.000240924,GBP,86992,-104383
1970-01-01 00:00:00.000240924,Soybeans,-93431,115399
1970-01-01 00:00:00.000240924,USD Index,959,899
1970-01-01 00:00:00.000240924,CHF,-19290,21396
1970-01-01 00:00:00.000240924,Crude Oil,158597,-174395
1970-01-01 00:00:00.000240924,SPX,-35753,-59919
1970-01-01 00:00:00.000240924,BTC,-1546,1093
1970-01-01 00:00:00.000240924,Gold,315390,-339706
1970-01-01 00:00:00.000240924,CAD,-65589,59746
1970-01-01 00:00:00.000240924,Corn,-64222,102193
1970-01-01 00:00:00.000240924,Silver,62198,-81832
1970-01-01 00:00:00.000240924,Sugar,115383,-140563
1970-01-01 00:00:00.000240924,JPY,66011,-77508
1970-01-01 00:00:00.000240924,10Y UST,-1025278,904645
1970-01-01 00:00:00.000241001,10Y UST,-1143889,990689
1970-01-01 00:00:00.000241001,AUD,14528,-33851
1970-01-01 00:00:00.000241001,Crude Oil,159608,-174604
1970-01-01 00:00:00.000241001,SPX,7545,-94480
1970-01-01 00:00:00.000241001,Cocoa,39378,-45118
1970-01-01 00:00:00.000241001,Nasdaq,16079,-27006
1970-01-01 00:00:00.000241001,Copper,43192,-50840
1970-01-01 00:00:00.000241001,EUR,55327,-93702
1970-01-01 00:00:00.000241001,Silver,56924,-79220
1970-01-01 00:00:00.000241001,Wheat,-6132,11914
1970-01-01 00:00:00.000241001,CHF,-22854,21716
1970-01-01 00:00:00.000241001,CAD,-70003,60168
1970-01-01 00:00:00.000241001,GBP,93765,-111435
1970-01-01 00:00:00.000241001,USD Index,154,1557
1970-01-01 00:00:00.000241001,Gold,299931,-327524
1970-01-01 00:00:00.000241001,JPY,56772,-66747
1970-01-01 00:00:00.000241001,Coffee,67813,-72632
1970-01-01 00:00:00.000241001,Sugar,129461,-156894
1970-01-01 00:00:00.000241001,BTC,-1684,1453
1970-01-01 00:00:00.000241001,Corn,-7193,57178
1970-01-01 00:00:00.000241001,VIX,-15877,16028
1970-01-01 00:00:00.000241001,Soybeans,-73697,100848
1970-01-01 00:00:00.000241001,Russell 2000,20349,-33516
1970-01-01 00:00:00.000241008,Sugar,103086,-139667
1970-01-01 00:00:00.000241008,CAD,-89151,86230
1970-01-01 00:00:00.000241008,JPY,36528,-37659
1970-01-01 00:00:00.000241008,BTC,-1282,872
1970-01-01 00:00:00.000241008,CHF,-22459,27158
1970-01-01 00:00:00.000241008,GBP,93135,-108008
1970-01-01 00:00:00.000241008,Coffee,62715,-66254
1970-01-01 00:00:00.000241008,VIX,-3008,4478
1970-01-01 00:00:00.000241008,Silver,54715,-76715
1970-01-01 00:00:00.000241008,Cocoa,39936,-46917
1970-01-01 00:00:00.000241008,USD Index,-1889,2542
1970-01-01 00:00:00.000241008,Gold,278180,-303976
1970-01-01 00:00:00.000241008,EUR,39098,-74895
1970-01-01 00:00:00.000241008,SPX,-5644,-87667
1970-01-01 00:00:00.000241008,Copper,43096,-52304
1970-01-01 00:00:00.000241008,Corn,36071,20228
1970-01-01 00:00:00.000241008,Soybeans,-51186,83915
1970-01-01 00:00:00.000241008,Russell 2000,5007,-18479
1970-01-01 00:00:00.000241008,10Y UST,-960129,805589
1970-01-01 00:00:00.000241008,AUD,33422,-50253
1970-01-01 00:00:00.000241008,Nasdaq,13295,-24754
1970-01-01 00:00:00.000241008,Crude Oil,190637,-213819
1970-01-01 00:00:00.000241008,Wheat,-13498,19744
1970-01-01 00:00:00.000241015,Wheat,-13714,18433
1970-01-01 00:00:00.000241015,GBP,85802,-99448
1970-01-01 00:00:00.000241015,Soybeans,-65379,94150
1970-01-01 00:00:00.000241015,CHF,-26161,30369
1970-01-01 00:00:00.000241015,BTC,-1872,1466
1970-01-01 00:00:00.000241015,Russell 2000,26337,-39015
1970-01-01 00:00:00.000241015,CAD,-122393,123906
1970-01-01 00:00:00.000241015,Sugar,105473,-145332
1970-01-01 00:00:00.000241015,Gold,286434,-312658
1970-01-01 00:00:00.000241015,Copper,35522,-45219
1970-01-01 00:00:00.000241015,EUR,17150,-48975
1970-01-01 00:00:00.000241015,USD Index,-2100,3011
1970-01-01 00:00:00.000241015,Corn,-5152,56118
1970-01-01 00:00:00.000241015,Coffee,66950,-70175
1970-01-01 00:00:00.000241015,VIX,322,-4011
1970-01-01 00:00:00.000241015,Silver,54032,-75758
1970-01-01 00:00:00.000241015,JPY,34110,-36639
1970-01-01 00:00:00.000241015,Cocoa,43312,-49419
1970-01-01 00:00:00.000241015,Crude Oil,184403,-212413
1970-01-01 00:00:00.000241015,Nasdaq,1404,-12409
1970-01-01 00:00:00.000241015,SPX,28135,-129397
1970-01-01 00:00:00.000241015,AUD,19269,-38078
1970-01-01 00:00:00.000241015,10Y UST,-865065,747361
1970-01-01 00:00:00.000241022,EUR,-28524,-8
1970-01-01 00:00:00.000241022,CHF,-32654,36435
1970-01-01 00:00:00.000241022,Wheat,-17082,22463
1970-01-01 00:00:00.000241022,GBP,74576,-81062
1970-01-01 00:00:00.000241022,JPY,12771,-10628
1970-01-01 00:00:00.000241022,USD Index,911,-624
1970-01-01 00:00:00.000241022,Nasdaq,2660,-13122
1970-01-01 00:00:00.000241022,AUD,27679,-41530
1970-01-01 00:00:00.000241022,10Y UST,-848191,742273
1970-01-01 00:00:00.000241022,Russell 2000,18787,-33395
1970-01-01 00:00:00.000241022,BTC,-1645,1114
1970-01-01 00:00:00.000241022,Soybeans,-78295,98052
1970-01-01 00:00:00.000241022,SPX,22981,-118042
1970-01-01 00:00:00.000241022,Corn,17840,26475
1970-01-01 00:00:00.000241022,VIX,4025,-9357
1970-01-01 00:00:00.000241022,Coffee,66304,-69633
1970-01-01 00:00:00.000241022,Sugar,93551,-129743
1970-01-01 00:00:00.000241022,Copper,32455,-43860
1970-01-01 00:00:00.000241022,Crude Oil,173731,-196169
1970-01-01 00:00:00.000241022,Cocoa,40976,-46635
1970-01-01 00:00:00.000241022,Silver,66355,-85358
1970-01-01 00:00:00.000241022,Gold,296204,-324701
1970-01-01 00:00:00.000241022,CAD,-140631,148695
1970-01-01 00:00:00.000241029,Nasdaq,5122,-16238
1970-01-01 00:00:00.000241029,EUR,-50304,31448
1970-01-01 00:00:00.000241029,Coffee,65301,-68034
1970-01-01 00:00:00.000241029,Corn,83304,-36852
1970-01-01 00:00:00.000241029,Soybeans,-92060,106992
1970-01-01 00:00:00.000241029,10Y UST,-901183,790410
1970-01-01 00:00:00.000241029,Russell 2000,11943,-27139
1970-01-01 00:00:00.000241029,AUD,27516,-37858
1970-01-01 00:00:00.000241029,Silver,60431,-82212
1970-01-01 00:00:00.000241029,Copper,23739,-34239
1970-01-01 00:00:00.000241029,VIX,-1572,-2596
1970-01-01 00:00:00.000241029,SPX,62698,-177608
1970-01-01 00:00:00.000241029,BTC,-1869,1242
1970-01-01 00:00:00.000241029,GBP,66356,-74301
1970-01-01 00:00:00.000241029,Sugar,82843,-117480
1970-01-01 00:00:00.000241029,Wheat,-22891,31600
1970-01-01 00:00:00.000241029,CAD,-167499,174266
1970-01-01 00:00:00.000241029,CHF,-33998,41676
1970-01-01 00:00:00.000241029,JPY,-24817,28082
1970-01-01 00:00:00.000241029,Gold,278653,-303671
1970-01-01 00:00:00.000241029,USD Index,1684,-1329
1970-01-01 00:00:00.000241029,Crude Oil,151877,-175687
1970-01-01 00:00:00.000241029,Cocoa,37398,-44582
1970-01-01 00:00:00.000241105,AUD,30976,-31759
1970-01-01 00:00:00.000241105,10Y UST,-818270,707726
1970-01-01 00:00:00.000241105,Crude Oil,196088,-211226
1970-01-01 00:00:00.000241105,Coffee,62977,-65439
1970-01-01 00:00:00.000241105,Sugar,78221,-113560
1970-01-01 00:00:00.000241105,VIX,-16668,13017
1970-01-01 00:00:00.000241105,BTC,-1457,927
1970-01-01 00:00:00.000241105,Nasdaq,16092,-27658
1970-01-01 00:00:00.000241105,JPY,-44167,47295
1970-01-01 00:00:00.000241105,EUR,-21653,617
1970-01-01 00:00:00.000241105,Gold,255329,-283059
1970-01-01 00:00:00.000241105,USD Index,95,-46
1970-01-01 00:00:00.000241105,CHF,-29981,39519
1970-01-01 00:00:00.000241105,CAD,-175229,180918
1970-01-01 00:00:00.000241105,Wheat,-22541,30114
1970-01-01 00:00:00.000241105,GBP,45084,-55560
1970-01-01 00:00:00.000241105,Cocoa,36659,-43707
1970-01-01 00:00:00.000241105,SPX,113440,-233202
1970-01-01 00:00:00.000241105,Soybeans,-88983,108012
1970-01-01 00:00:00.000241105,Russell 2000,8792,-23537
1970-01-01 00:00:00.000241105,Corn,102648,-60229
1970-01-01 00:00:00.000241105,Copper,23670,-34211
1970-01-01 00:00:00.000241105,Silver,53346,-74243
1970-01-01 00:00:00.000241112,SPX,25001,-161143
1970-01-01 00:00:00.000241112,BTC,-1798,1151
1970-01-01 00:00:00.000241112,Cocoa,38262,-45908
1970-01-01 00:00:00.000241112,Crude Oil,186906,-207577
1970-01-01 00:00:00.000241112,Soybeans,-77113,96357
1970-01-01 00:00:00.000241112,Russell 2000,8394,-30429
1970-01-01 00:00:00.000241112,VIX,-4423,2263
1970-01-01 00:00:00.000241112,GBP,56050,-59148
1970-01-01 00:00:00.000241112,AUD,29795,-32634
1970-01-01 00:00:00.000241112,10Y UST,-815801,752029
1970-01-01 00:00:00.000241112,Silver,47642,-67407
1970-01-01 00:00:00.000241112,JPY,-64902,72173
1970-01-01 00:00:00.000241112,Corn,177646,-126120
1970-01-01 00:00:00.000241112,USD Index,-2312,1100
1970-01-01 00:00:00.000241112,Gold,236451,-265582
1970-01-01 00:00:00.000241112,EUR,-7437,-18274
1970-01-01 00:00:00.000241112,Copper,20845,-30413
1970-01-01 00:00:00.000241112,CHF,-32694,44011
1970-01-01 00:00:00.000241112,Sugar,68122,-93064
1970-01-01 00:00:00.000241112,Wheat,-38529,47109
1970-01-01 00:00:00.000241112,CAD,-182389,191332
1970-01-01 00:00:00.000241112,Coffee,68468,-71568
1970-01-01 00:00:00.000241112,Nasdaq,16380,-30363
1970-01-01 00:00:00.000241119,Wheat,-46039,53723
1970-01-01 00:00:00.000241119,SPX,34911,-182867
1970-01-01 00:00:00.000241119,Nasdaq,19803,-32162
1970-01-01 00:00:00.000241119,Crude Oil,193865,-202171
1970-01-01 00:00:00.000241119,Corn,163301,-113151
1970-01-01 00:00:00.000241119,AUD,31598,-27106
1970-01-01 00:00:00.000241119,10Y UST,-907502,856303
1970-01-01 00:00:00.000241119,Russell 2000,3145,-27356
1970-01-01 00:00:00.000241119,Soybeans,-86331,109077
1970-01-01 00:00:00.000241119,Cocoa,36594,-43784
1970-01-01 00:00:00.000241119,Coffee,68918,-73015
1970-01-01 00:00:00.000241119,Silver,46323,-65081
1970-01-01 00:00:00.000241119,GBP,40315,-39066
1970-01-01 00:00:00.000241119,BTC,-2084,1294
1970-01-01 00:00:00.000241119,CHF,-37071,52622
1970-01-01 00:00:00.000241119,USD Index,-2713,1921
1970-01-01 00:00:00.000241119,Gold,234367,-262322
1970-01-01 00:00:00.000241119,VIX,-8809,8476
1970-01-01 00:00:00.000241119,CAD,-183566,190676
1970-01-01 00:00:00.000241119,Copper,15442,-21842
1970-01-01 00:00:00.000241119,EUR,-42557,21047
1970-01-01 00:00:00.000241119,Sugar,71738,-101154
1970-01-01 00:00:00.000241119,JPY,-46868,49209
1970-01-01 00:00:00.000241126,Soybeans,-105937,123225
1970-01-01 00:00:00.000241126,Gold,250338,-272520
1970-01-01 00:00:00.000241126,Silver,42783,-61158
1970-01-01 00:00:00.000241126,Russell 2000,-2612,-22585
1970-01-01 00:00:00.000241126,AUD,31776,-27458
1970-01-01 00:00:00.000241126,10Y UST,-926603,866243
1970-01-01 00:00:00.000241126,Coffee,70613,-73820
1970-01-01 00:00:00.000241126,Nasdaq,19459,-30415
1970-01-01 00:00:00.000241126,Sugar,76094,-99135
1970-01-01 00:00:00.000241126,JPY,-22633,23290
1970-01-01 00:00:00.000241126,Crude Oil,200407,-206608
1970-01-01 00:00:00.000241126,USD Index,-2799,2159
1970-01-01 00:00:00.000241126,VIX,-19380,17739
1970-01-01 00:00:00.000241126,BTC,-1196,506
1970-01-01 00:00:00.000241126,GBP,21634,-12786
1970-01-01 00:00:00.000241126,Copper,9925,-15761
1970-01-01 00:00:00.000241126,SPX,-78894,-74426
1970-01-01 00:00:00.000241126,CAD,-154002,158570
1970-01-01 00:00:00.000241126,Cocoa,38735,-45916
1970-01-01 00:00:00.000241126,EUR,-56009,32427
1970-01-01 00:00:00.000241126,Wheat,-52192,58433
1970-01-01 00:00:00.000241126,CHF,-39676,54704
1970-01-01 00:00:00.000241126,Corn,136869,-96320
1970-01-01 00:00:00.000241203,CAD,-159346,165505
1970-01-01 00:00:00.000241203,BTC,-1595,1040
1970-01-01 00:00:00.000241203,Corn,137228,-101968
1970-01-01 00:00:00.000241203,GBP,19326,-8995
1970-01-01 00:00:00.000241203,Crude Oil,201464,-211597
1970-01-01 00:00:00.000241203,Wheat,-61537,66335
1970-01-01 00:00:00.000241203,JPY,2334,-164
1970-01-01 00:00:00.000241203,Copper,10466,-14783
1970-01-01 00:00:00.000241203,Nasdaq,29691,-40965
1970-01-01 00:00:00.000241203,Sugar,88315,-108348
1970-01-01 00:00:00.000241203,Cocoa,37165,-43594
1970-01-01 00:00:00.000241203,Coffee,66727,-69817
1970-01-01 00:00:00.000241203,SPX,-108610,-40012
1970-01-01 00:00:00.000241203,Silver,43260,-62019
1970-01-01 00:00:00.000241203,Russell 2000,-11574,-15176
1970-01-01 00:00:00.000241203,AUD,21401,-22286
1970-01-01 00:00:00.000241203,Soybeans,-98484,115653
1970-01-01 00:00:00.000241203,EUR,-57489,34476
1970-01-01 00:00:00.000241203,10Y UST,-891901,842621
1970-01-01 00:00:00.000241203,VIX,-33202,31526
1970-01-01 00:00:00.000241203,CHF,-41094,53351
1970-01-01 00:00:00.000241203,USD Index,-3054,1801
1970-01-01 00:00:00.000241203,Gold,259736,-286275
1970-01-01 00:00:00.000241210,Soybeans,-86216,102553
1970-01-01 00:00:00.000241210,EUR,-75573,54716
1970-01-01 00:00:00.000241210,Corn,224423,-183482
1970-01-01 00:00:00.000241210,USD Index,-3224,1940
1970-01-01 00:00:00.000241210,Gold,275586,-296871
1970-01-01 00:00:00.000241210,10Y UST,-875716,815384
1970-01-01 00:00:00.000241210,Nasdaq,35573,-49864
1970-01-01 00:00:00.000241210,AUD,8485,-735
1970-01-01 00:00:00.000241210,Nikkei,-2603,1844
1970-01-01 00:00:00.000241210,Silver,41165,-59843
1970-01-01 00:00:00.000241210,VIX,-45170,45739
1970-01-01 00:00:00.000241210,Russell 2000,-2157,-24300
1970-01-01 00:00:00.000241210,Coffee,62074,-65126
1970-01-01 00:00:00.000241210,Copper,10959,-16889
1970-01-01 00:00:00.000241210,CHF,-34992,52309
1970-01-01 00:00:00.000241210,BTC,-720,236
1970-01-01 00:00:00.000241210,GBP,27125,-21904
1970-01-01 00:00:00.000241210,Crude Oil,190112,-201510
1970-01-01 00:00:00.000241210,Wheat,-59290,64282
1970-01-01 00:00:00.000241210,Cocoa,36977,-43622
1970-01-01 00:00:00.000241210,JPY,25752,-24598
1970-01-01 00:00:00.000241210,SPX,-83333,-66801
1970-01-01 00:00:00.000241210,CAD,-181554,195936
1970-01-01 00:00:00.000241210,Sugar,97327,-115926
1970-01-01 00:00:00.000241217,EUR,-65895,48089
1970-01-01 00:00:00.000241217,Wheat,-79340,80945
1970-01-01 00:00:00.000241217,Soybeans,-109329,125032
1970-01-01 00:00:00.000241217,CAD,-182055,195457
1970-01-01 00:00:00.000241217,Corn,221848,-170678
1970-01-01 00:00:00.000241217,CHF,-21800,40379
1970-01-01 00:00:00.000241217,SPX,-39862,-118471
1970-01-01 00:00:00.000241217,Nikkei,-4174,3029
1970-01-01 00:00:00.000241217,Cocoa,35281,-42067
1970-01-01 00:00:00.000241217,Copper,5940,-11750
1970-01-01 00:00:00.000241217,USD Index,5641,-7349
1970-01-01 00:00:00.000241217,Crude Oil,229990,-237003
1970-01-01 00:00:00.000241217,GBP,21647,-16258
1970-01-01 00:00:00.000241217,Nasdaq,36082,-47174
1970-01-01 00:00:00.000241217,Coffee,62147,-65700
1970-01-01 00:00:00.000241217,Sugar,68183,-79998
1970-01-01 00:00:00.000241217,BTC,171,-483
1970-01-01 00:00:00.000241217,VIX,-48988,48253
1970-01-01 00:00:00.000241217,10Y UST,-732917,651759
1970-01-01 00:00:00.000241217,Russell 2000,-416,-22280
1970-01-01 00:00:00.000241217,Gold,262041,-285233
1970-01-01 00:00:00.000241217,AUD,-61531,71099
1970-01-01 00:00:00.000241217,Silver,40264,-57510
1970-01-01 00:00:00.000241217,JPY,5961,-3101
1970-01-01 00:00:00.000241224,JPY,2311,3683
1970-01-01 00:00:00.000241224,Wheat,-87266,84958
1970-01-01 00:00:00.000241224,Gold,247629,-273336
1970-01-01 00:00:00.000241224,EUR,-68507,55114
1970-01-01 00:00:00.000241224,CAD,-176720,188397
1970-01-01 00:00:00.000241224,CHF,-28382,46382
1970-01-01 00:00:00.000241224,Corn,225675,-167343
1970-01-01 00:00:00.000241224,USD Index,6492,-8299
1970-01-01 00:00:00.000241224,GBP,19323,-12844
1970-01-01 00:00:00.000241224,Coffee,64157,-67292
1970-01-01 00:00:00.000241224,VIX,-17311,21132
1970-01-01 00:00:00.000241224,Nasdaq,27232,-41465
1970-01-01 00:00:00.000241224,Crude Oil,247027,-251386
1970-01-01 00:00:00.000241224,BTC,-129,-146
1970-01-01 00:00:00.000241224,Sugar,60094,-67238
1970-01-01 00:00:00.000241224,Cocoa,36579,-43210
1970-01-01 00:00:00.000241224,Copper,1804,-7997
1970-01-01 00:00:00.000241224,SPX,-63791,-63377
1970-01-01 00:00:00.000241224,Soybeans,-104918,122285
1970-01-01 00:00:00.000241224,Russell 2000,-1668,-21671
1970-01-01 00:00:00.000241224,AUD,-68170,78200
1970-01-01 00:00:00.000241224,10Y UST,-591374,510294
1970-01-01 00:00:00.000241224,Silver,40163,-55021
1970-01-01 00:00:00.000241231,SPX,-56802,-82170
1970-01-01 00:00:00.000241231,Wheat,-76464,74633
1970-01-01 00:00:00.000241231,CAD,-175708,189120
1970-01-01 00:00:00.000241231,CHF,-32813,48095
1970-01-01 00:00:00.000241231,Cocoa,36561,-42441
1970-01-01 00:00:00.000241231,10Y UST,-653763,574117
1970-01-01 00:00:00.000241231,Russell 2000,-2150,-18943
1970-01-01 00:00:00.000241231,EUR,-69564,51061
1970-01-01 00:00:00.000241231,AUD,-71411,78499
1970-01-01 00:00:00.000241231,USD Index,6877,-8231
1970-01-01 00:00:00.000241231,Gold,247279,-271296
1970-01-01 00:00:00.000241231,VIX,-30823,33720
1970-01-01 00:00:00.000241231,Silver,37889,-52407
1970-01-01 00:00:00.000241231,Copper,759,-5902
1970-01-01 00:00:00.000241231,Corn,290515,-231273
1970-01-01 00:00:00.000241231,Soybeans,-69918,96141
1970-01-01 00:00:00.000241231,Sugar,45119,-49627
1970-01-01 00:00:00.000241231,GBP,20835,-14252
1970-01-01 00:00:00.000241231,Crude Oil,254324,-256671
1970-01-01 00:00:00.000241231,BTC,-319,-44
1970-01-01 00:00:00.000241231,Nasdaq,23908,-43741
1970-01-01 00:00:00.000241231,Coffee,62767,-65309
1970-01-01 00:00:00.000241231,JPY,-8443,9602
1970-01-01 00:00:00.000250107,Soybeans,-50001,75220
1970-01-01 00:00:00.000250107,Sugar,49827,-53857
1970-01-01 00:00:00.000250107,Coffee,64134,-67380
1970-01-01 00:00:00.000250107,Cocoa,35794,-42414
1970-01-01 00:00:00.000250107,Corn,319813,-255346
1970-01-01 00:00:00.000250107,GBP,14506,-5723
1970-01-01 00:00:00.000250107,JPY,-20189,20284
1970-01-01 00:00:00.000250107,Copper,4270,-6423
1970-01-01 00:00:00.000250107,Gold,254911,-278646
1970-01-01 00:00:00.000250107,Silver,40948,-56174
1970-01-01 00:00:00.000250107,CAD,-178589,192467
1970-01-01 00:00:00.000250107,CHF,-37888,54444
1970-01-01 00:00:00.000250107,10Y UST,-672446,601129
1970-01-01 00:00:00.000250107,Crude Oil,279567,-286130
1970-01-01 00:00:00.000250107,USD Index,8645,-10158
1970-01-01 00:00:00.000250107,AUD,-73433,83007
1970-01-01 00:00:00.000250107,VIX,-31054,34568
1970-01-01 00:00:00.000250107,Russell 2000,-3184,-16280
1970-01-01 00:00:00.000250107,Wheat,-79474,78135
1970-01-01 00:00:00.000250107,BTC,1190,-1408
1970-01-01 00:00:00.000250107,Nasdaq,18770,-33742
1970-01-01 00:00:00.000250107,SPX,-62203,-57197
1970-01-01 00:00:00.000250107,Nikkei,-3444,3030
1970-01-01 00:00:00.000250107,EUR,-64124,45004
1970-01-01 00:00:00.000250114,Nikkei,-2818,2628
1970-01-01 00:00:00.000250114,Russell 2000,-1095,-15457
1970-01-01 00:00:00.000250114,Nasdaq,10534,-24050
1970-01-01 00:00:00.000250114,10Y UST,-567935,508311
1970-01-01 00:00:00.000250114,AUD,-77631,87297
1970-01-01 00:00:00.000250114,CHF,-38701,56343
1970-01-01 00:00:00.000250114,Soybeans,14518,18411
1970-01-01 00:00:00.000250114,Sugar,14162,-9913
1970-01-01 00:00:00.000250114,VIX,-26730,28181
1970-01-01 00:00:00.000250114,Coffee,72642,-76440
1970-01-01 00:00:00.000250114,Cocoa,36860,-43101
1970-01-01 00:00:00.000250114,Silver,46080,-59676
1970-01-01 00:00:00.000250114,Copper,11838,-14543
1970-01-01 00:00:00.000250114,GBP,438,14985
1970-01-01 00:00:00.000250114,JPY,-29411,31023
1970-01-01 00:00:00.000250114,USD Index,12729,-14288
1970-01-01 00:00:00.000250114,EUR,-60397,48337
1970-01-01 00:00:00.000250114,Corn,348075,-272419
1970-01-01 00:00:00.000250114,SPX,-30542,-85660
1970-01-01 00:00:00.000250114,Gold,279363,-302452
1970-01-01 00:00:00.000250114,CAD,-167153,181481
1970-01-01 00:00:00.000250114,BTC,1335,-1520
1970-01-01 00:00:00.000250114,Crude Oil,306291,-317124
1970-01-01 00:00:00.000250114,Wheat,-82209,79485
1970-01-01 00:00:00.000250121,AUD,-71296,79799
1970-01-01 00:00:00.000250121,Russell 2000,-21027,2547
1970-01-01 00:00:00.000250121,VIX,-28060,25429
1970-01-01 00:00:00.000250121,BTC,739,-1007
1970-01-01 00:00:00.000250121,SPX,-75715,-60433
1970-01-01 00:00:00.000250121,Crude Oil,298847,-316596
1970-01-01 00:00:00.000250121,10Y UST,-580245,565040
1970-01-01 00:00:00.000250121,Nasdaq,18489,-36654
1970-01-01 00:00:00.000250121,Cocoa,37465,-44243
1970-01-01 00:00:00.000250121,CHF,-41837,57758
1970-01-01 00:00:00.000250121,CAD,-150787,163078
1970-01-01 00:00:00.000250121,EUR,-62486,44295
1970-01-01 00:00:00.000250121,USD Index,14872,-16520
1970-01-01 00:00:00.000250121,JPY,-14673,8829
1970-01-01 00:00:00.000250121,GBP,-8257,28749
1970-01-01 00:00:00.000250121,Sugar,-31467,34888
1970-01-01 00:00:00.000250121,Gold,300784,-326608
1970-01-01 00:00:00.000250121,Copper,16663,-21729
1970-01-01 00:00:00.000250121,Silver,47480,-62977
1970-01-01 00:00:00.000250121,Coffee,74291,-78526
1970-01-01 00:00:00.000250121,Wheat,-73009,68865
1970-01-01 00:00:00.000250121,Corn,392923,-314101
1970-01-01 00:00:00.000250121,Soybeans,18549,14875
1970-01-01 00:00:00.000250121,Nikkei,-2758,2709
1970-01-01 00:00:00.000250128,EUR,-66604,41595
1970-01-01 00:00:00.000250128,Nasdaq,30691,-42758
1970-01-01 00:00:00.000250128,GBP,-21672,39354
1970-01-01 00:00:00.000250128,Soybeans,31351,3608
1970-01-01 00:00:00.000250128,CAD,-147601,162970
1970-01-01 00:00:00.000250128,CHF,-43000,55450
1970-01-01 00:00:00.000250128,Gold,299409,-323722
1970-01-01 00:00:00.000250128,Coffee,76520,-80705
1970-01-01 00:00:00.000250128,Silver,44368,-60268
1970-01-01 00:00:00.000250128,Sugar,-29434,25746
1970-01-01 00:00:00.000250128,Copper,13045,-18357
1970-01-01 00:00:00.000250128,Cocoa,36968,-43297
1970-01-01 00:00:00.000250128,JPY,-959,-6737
1970-01-01 00:00:00.000250128,10Y UST,-700642,640374
1970-01-01 00:00:00.000250128,USD Index,14200,-15106
1970-01-01 00:00:00.000250128,Corn,443875,-355959
1970-01-01 00:00:00.000250128,Wheat,-91111,86289
1970-01-01 00:00:00.000250128,AUD,-71831,79001
1970-01-01 00:00:00.000250128,BTC,1165,-1473
1970-01-01 00:00:00.000250128,Russell 2000,-22035,6387
1970-01-01 00:00:00.000250128,VIX,-49445,50961
1970-01-01 00:00:00.000250128,Nikkei,-3063,2586
1970-01-01 00:00:00.000250128,SPX,-56154,-79303
1970-01-01 00:00:00.000250128,Crude Oil,264126,-290388
1970-01-01 00:00:00.000250204,Crude Oil,230313,-259576
1970-01-01 00:00:00.000250204,Soybeans,37166,-4926
1970-01-01 00:00:00.000250204,Coffee,71878,-76728
1970-01-01 00:00:00.000250204,Sugar,-33109,29745
1970-01-01 00:00:00.000250204,Cocoa,35390,-41309
1970-01-01 00:00:00.000250204,10Y UST,-707703,651566
1970-01-01 00:00:00.000250204,USD Index,14539,-15914
1970-01-01 00:00:00.000250204,VIX,-48530,46367
1970-01-01 00:00:00.000250204,BTC,786,-918
1970-01-01 00:00:00.000250204,EUR,-58614,36471
1970-01-01 00:00:00.000250204,AUD,-75309,83501
1970-01-01 00:00:00.000250204,Wheat,-67355,63681
1970-01-01 00:00:00.000250204,SPX,-4817,-123461
1970-01-01 00:00:00.000250204,Nasdaq,18978,-30811
1970-01-01 00:00:00.000250204,Nikkei,-2200,2229
1970-01-01 00:00:00.000250204,Gold,302508,-328175
1970-01-01 00:00:00.000250204,CAD,-160444,170842
1970-01-01 00:00:00.000250204,CHF,-42258,55303
1970-01-01 00:00:00.000250204,Silver,50361,-69007
1970-01-01 00:00:00.000250204,Copper,15421,-18710
1970-01-01 00:00:00.000250204,Corn,462381,-374564
1970-01-01 00:00:00.000250204,GBP,-11323,25029
1970-01-01 00:00:00.000250204,JPY,18768,-30683
1970-01-01 00:00:00.000250204,Russell 2000,-27498,12186
1970-01-01 00:00:00.000250211,BTC,-367,307
1970-01-01 00:00:00.000250211,Wheat,-55941,54281
1970-01-01 00:00:00.000250211,GBP,-3168,16480
1970-01-01 00:00:00.000250211,Corn,424769,-338472
1970-01-01 00:00:00.000250211,JPY,54615,-68154
1970-01-01 00:00:00.000250211,USD Index,15296,-16423
1970-01-01 00:00:00.000250211,Cocoa,26819,-33051
1970-01-01 00:00:00.000250211,EUR,-64425,39974
1970-01-01 00:00:00.000250211,Silver,49710,-68250
1970-01-01 00:00:00.000250211,Coffee,63697,-67169
1970-01-01 00:00:00.000250211,Soybeans,6781,23383
1970-01-01 00:00:00.000250211,Copper,20896,-24842
1970-01-01 00:00:00.000250211,Sugar,-26526,19297
1970-01-01 00:00:00.000250211,Gold,284504,-309888
1970-01-01 00:00:00.000250211,CAD,-150834,162597
1970-01-01 00:00:00.000250211,CHF,-38745,53757
1970-01-01 00:00:00.000250211,SPX,-17109,-113610
1970-01-01 00:00:00.000250211,Crude Oil,220004,-244693
1970-01-01 00:00:00.000250211,VIX,-58995,53878
1970-01-01 00:00:00.000250211,AUD,-65585,70444
1970-01-01 00:00:00.000250211,Nasdaq,13436,-22860
1970-01-01 00:00:00.000250211,10Y UST,-751034,699753
1970-01-01 00:00:00.000250211,Nikkei,-2212,1948
1970-01-01 00:00:00.000250211,Russell 2000,-32464,20253
1970-01-01 00:00:00.000250218,USD Index,16768,-17057
1970-01-01 00:00:00.000250218,Soybeans,-5642,37594
1970-01-01 00:00:00.000250218,JPY,60569,-70193
1970-01-01 00:00:00.000250218,Nikkei,-1831,1788
1970-01-01 00:00:00.000250218,Sugar,-20707,12056
1970-01-01 00:00:00.000250218,VIX,-57665,55617
1970-01-01 00:00:00.000250218,CHF,-38359,51505
1970-01-01 00:00:00.000250218,Nasdaq,9828,-16759
1970-01-01 00:00:00.000250218,Gold,268674,-296071
1970-01-01 00:00:00.000250218,GBP,-579,10797
1970-01-01 00:00:00.000250218,Corn,468724,-377274
1970-01-01 00:00:00.000250218,Copper,22063,-24720
1970-01-01 00:00:00.000250218,Coffee,61698,-64776
1970-01-01 00:00:00.000250218,CAD,-144643,151212
1970-01-01 00:00:00.000250218,Silver,54454,-71960
1970-01-01 00:00:00.000250218,SPX,-39966,-91985
1970-01-01 00:00:00.000250218,AUD,-56723,60353
1970-01-01 00:00:00.000250218,Wheat,-36772,37085
1970-01-01 00:00:00.000250218,Crude Oil,197594,-217426
1970-01-01 00:00:00.000250218,BTC,-367,141
1970-01-01 00:00:00.000250218,Russell 2000,-29806,15397
1970-01-01 00:00:00.000250218,EUR,-51420,26195
1970-01-01 00:00:00.000250218,Cocoa,28009,-34417
1970-01-01 00:00:00.000250218,10Y UST,-709527,668096
1970-01-01 00:00:00.000250225,AUD,-45580,52332
1970-01-01 00:00:00.000250225,SPX,-32779,-107803
1970-01-01 00:00:00.000250225,VIX,-69103,68093
1970-01-01 00:00:00.000250225,BTC,204,-261
1970-01-01 00:00:00.000250225,Wheat,-62051,63480
1970-01-01 00:00:00.000250225,Nasdaq,25777,-42316
1970-01-01 00:00:00.000250225,Russell 2000,-21331,8625
1970-01-01 00:00:00.000250225,Nikkei,119,569
1970-01-01 00:00:00.000250225,Silver,52862,-70188
1970-01-01 00:00:00.000250225,Coffee,59183,-61805
1970-01-01 00:00:00.000250225,Soybeans,-10550,46048
1970-01-01 00:00:00.000250225,Gold,261625,-288100
1970-01-01 00:00:00.000250225,Copper,19022,-22608
1970-01-01 00:00:00.000250225,10Y UST,-699855,646801
1970-01-01 00:00:00.000250225,EUR,-25425,-640
1970-01-01 00:00:00.000250225,Crude Oil,171198,-194964
1970-01-01 00:00:00.000250225,Sugar,33491,-50612
1970-01-01 00:00:00.000250225,Cocoa,19451,-24138
1970-01-01 00:00:00.000250225,Corn,441161,-358683
1970-01-01 00:00:00.000250225,GBP,4463,6186
1970-01-01 00:00:00.000250225,USD Index,15732,-15861
1970-01-01 00:00:00.000250225,JPY,95980,-108945
1970-01-01 00:00:00.000250225,CHF,-39460,50769
1970-01-01 00:00:00.000250225,CAD,-137906,142821
1970-01-01 00:00:00.000250304,EUR,-10106,-19259
1970-01-01 00:00:00.000250304,BTC,614,-516
1970-01-01 00:00:00.000250304,Crude Oil,154841,-177980
1970-01-01 00:00:00.000250304,CHF,-37775,48071
1970-01-01 00:00:00.000250304,CAD,-143770,154980
1970-01-01 00:00:00.000250304,Copper,13012,-16189
1970-01-01 00:00:00.000250304,Gold,243261,-271115
1970-01-01 00:00:00.000250304,JPY,133651,-145919
1970-01-01 00:00:00.000250304,USD Index,14738,-15048
1970-01-01 00:00:00.000250304,GBP,18574,-13710
1970-01-01 00:00:00.000250304,10Y UST,-712040,653140
1970-01-01 00:00:00.000250304,Cocoa,17651,-21717
1970-01-01 00:00:00.000250304,Sugar,26009,-26402
1970-01-01 00:00:00.000250304,VIX,-40225,40231
1970-01-01 00:00:00.000250304,Coffee,58837,-62034
1970-01-01 00:00:00.000250304,Silver,53316,-70944
1970-01-01 00:00:00.000250304,Soybeans,-34283,67504
1970-01-01 00:00:00.000250304,Corn,335438,-272829
1970-01-01 00:00:00.000250304,AUD,-48233,57029
1970-01-01 00:00:00.000250304,Nikkei,-661,553
1970-01-01 00:00:00.000250304,Wheat,-84842,81058
1970-01-01 00:00:00.000250304,SPX,32103,-167315
1970-01-01 00:00:00.000250304,Nasdaq,21766,-40222
1970-01-01 00:00:00.000250304,Russell 2000,-4574,-3580
1970-01-01 00:00:00.000250311,Nasdaq,22729,-46722
1970-01-01 00:00:00.000250311,Coffee,56456,-59669
1970-01-01 00:00:00.000250311,Russell 2000,-5176,-3805
1970-01-01 00:00:00.000250311,Corn,268357,-216719
1970-01-01 00:00:00.000250311,AUD,-48226,55401
1970-01-01 00:00:00.000250311,Soybeans,-12140,44304
1970-01-01 00:00:00.000250311,Silver,59526,-77356
1970-01-01 00:00:00.000250311,SPX,80613,-218014
1970-01-01 00:00:00.000250311,Copper,18598,-22056
1970-01-01 00:00:00.000250311,VIX,-17882,19477
1970-01-01 00:00:00.000250311,10Y UST,-737075,641661
1970-01-01 00:00:00.000250311,Gold,236100,-265188
1970-01-01 00:00:00.000250311,Nikkei,-121,-46
1970-01-01 00:00:00.000250311,JPY,133902,-149269
1970-01-01 00:00:00.000250311,Sugar,8739,-20970
1970-01-01 00:00:00.000250311,CAD,-142410,156148
1970-01-01 00:00:00.000250311,Wheat,-78073,76926
1970-01-01 00:00:00.000250311,GBP,29193,-32361
1970-01-01 00:00:00.000250311,CHF,-36957,42241
1970-01-01 00:00:00.000250311,Crude Oil,164126,-178744
1970-01-01 00:00:00.000250311,EUR,13090,-47847
1970-01-01 00:00:00.000250311,Cocoa,17296,-20963
1970-01-01 00:00:00.000250311,BTC,1529,-1301
1970-01-01 00:00:00.000250311,USD Index,16835,-17283
1970-01-01 00:00:00.000250318,SPX,68311,-191735
1970-01-01 00:00:00.000250318,GBP,29402,-38744
1970-01-01 00:00:00.000250318,EUR,59425,-92360
1970-01-01 00:00:00.000250318,Russell 2000,-10208,5642
1970-01-01 00:00:00.000250318,Copper,25192,-27552
1970-01-01 00:00:00.000250318,USD Index,7188,-6740
1970-01-01 00:00:00.000250318,Crude Oil,166823,-182228
1970-01-01 00:00:00.000250318,AUD,-70449,70959
1970-01-01 00:00:00.000250318,Gold,257932,-285168
1970-01-01 00:00:00.000250318,Wheat,-76479,75242
1970-01-01 00:00:00.000250318,JPY,122964,-136776
1970-01-01 00:00:00.000250318,CAD,-136582,147159
1970-01-01 00:00:00.000250318,CHF,-34375,43025
1970-01-01 00:00:00.000250318,Sugar,31802,-54394
1970-01-01 00:00:00.000250318,10Y UST,-881374,795709
1970-01-01 00:00:00.000250318,Nasdaq,22996,-41459
1970-01-01 00:00:00.000250318,Cocoa,16470,-19671
1970-01-01 00:00:00.000250318,BTC,1841,-1747
1970-01-01 00:00:00.000250318,Corn,239376,-181723
1970-01-01 00:00:00.000250318,Coffee,56130,-58984
1970-01-01 00:00:00.000250318,Soybeans,-8277,39468
1970-01-01 00:00:00.000250318,Silver,62298,-81655
1970-01-01 00:00:00.000250318,VIX,6168,-4470
1970-01-01 00:00:00.000250325,Crude Oil,180558,-190138
1970-01-01 00:00:00.000250325,CAD,-129534,140196
1970-01-01 00:00:00.000250325,Nasdaq,8689,-23883
1970-01-01 00:00:00.000250325,EUR,65525,-100316
1970-01-01 00:00:00.000250325,BTC,1179,-1150
1970-01-01 00:00:00.000250325,Cocoa,18278,-21738
1970-01-01 00:00:00.000250325,JPY,125376,-135740
1970-01-01 00:00:00.000250325,GBP,44283,-50682
1970-01-01 00:00:00.000250325,CHF,-37593,46102
1970-01-01 00:00:00.000250325,Wheat,-82548,79370
1970-01-01 00:00:00.000250325,USD Index,7468,-7945
1970-01-01 00:00:00.000250325,Sugar,52042,-72763
1970-01-01 00:00:00.000250325,AUD,-77446,82329
1970-01-01 00:00:00.000250325,Gold,249796,-278598
1970-01-01 00:00:00.000250325,Silver,60950,-80705
1970-01-01 00:00:00.000250325,10Y UST,-810090,707115
1970-01-01 00:00:00.000250325,VIX,-8991,2843
1970-01-01 00:00:00.000250325,Copper,34104,-34530
1970-01-01 00:00:00.000250325,Soybeans,-14410,42137
1970-01-01 00:00:00.000250325,SPX,-53362,-33837
1970-01-01 00:00:00.000250325,Corn,200371,-140438
1970-01-01 00:00:00.000250325,Russell 2000,-15345,9457
1970-01-01 00:00:00.000250325,Coffee,58452,-61242
1970-01-01 00:00:00.000250401,Cocoa,18601,-21956
1970-01-01 00:00:00.000250401,Copper,30025,-31109
1970-01-01 00:00:00.000250401,Gold,238434,-265061
1970-01-01 00:00:00.000250401,Silver,57258,-76405
1970-01-01 00:00:00.000250401,Sugar,53073,-71583
1970-01-01 00:00:00.000250401,Crude Oil,167685,-176710
1970-01-01 00:00:00.000250401,Coffee,54063,-56663
1970-01-01 00:00:00.000250401,CHF,-42764,49769
1970-01-01 00:00:00.000250401,CAD,-130016,143318
1970-01-01 00:00:00.000250401,SPX,-19022,-56199
1970-01-01 00:00:00.000250401,Nasdaq,15178,-28512
1970-01-01 00:00:00.000250401,AUD,-75863,79152
1970-01-01 00:00:00.000250401,10Y UST,-863263,743611
1970-01-01 00:00:00.000250401,Corn,166869,-111384
1970-01-01 00:00:00.000250401,BTC,491,-306
1970-01-01 00:00:00.000250401,VIX,-10358,8055
1970-01-01 00:00:00.000250401,Soybeans,-3512,25581
1970-01-01 00:00:00.000250401,JPY,121774,-138547
1970-01-01 00:00:00.000250401,USD Index,7041,-6397
1970-01-01 00:00:00.000250401,GBP,34626,-38790
1970-01-01 00:00:00.000250401,Russell 2000,-17171,8856
1970-01-01 00:00:00.000250401,EUR,51835,-82872
1970-01-01 00:00:00.000250401,Wheat,-102800,95636
1970-01-01 00:00:00.000250408,Nasdaq,24264,-30431
1970-01-01 00:00:00.000250408,Cocoa,17798,-21878
1970-01-01 00:00:00.000250408,Wheat,-91924,87969
1970-01-01 00:00:00.000250408,Russell 2000,-12745,4057
1970-01-01 00:00:00.000250408,Nikkei,1904,-1590
1970-01-01 00:00:00.000250408,Crude Oil,139595,-148559
1970-01-01 00:00:00.000250408,10Y UST,-1078470,916013
1970-01-01 00:00:00.000250408,AUD,-63300,70205
1970-01-01 00:00:00.000250408,Silver,46516,-64022
1970-01-01 00:00:00.000250408,JPY,147067,-161669
1970-01-01 00:00:00.000250408,Soybeans,-16848,38620
1970-01-01 00:00:00.000250408,VIX,-13973,13134
1970-01-01 00:00:00.000250408,EUR,59980,-90416
1970-01-01 00:00:00.000250408,SPX,-28687,-9951
1970-01-01 00:00:00.000250408,USD Index,2913,-2601
1970-01-01 00:00:00.000250408,Coffee,43479,-45041
1970-01-01 00:00:00.000250408,GBP,17310,-15795
1970-01-01 00:00:00.000250408,Corn,172882,-125804
1970-01-01 00:00:00.000250408,CAD,-119241,129460
1970-01-01 00:00:00.000250408,BTC,1332,-897
1970-01-01 00:00:00.000250408,Gold,200715,-232183
1970-01-01 00:00:00.000250408,Copper,24241,-21429
1970-01-01 00:00:00.000250408,CHF,-30277,37800
1970-01-01 00:00:00.000250408,Sugar,44827,-54103
1970-01-01 00:00:00.000250415,10Y UST,-937755,797248
1970-01-01 00:00:00.000250415,CHF,-28584,31740
1970-01-01 00:00:00.000250415,Crude Oil,146370,-153715
1970-01-01 00:00:00.000250415,Corn,234182,-179099
1970-01-01 00:00:00.000250415,CAD,-83860,90143
1970-01-01 00:00:00.000250415,USD Index,1828,-1370
1970-01-01 00:00:00.000250415,AUD,-58848,63732
1970-01-01 00:00:00.000250415,VIX,-17297,17153
1970-01-01 00:00:00.000250415,EUR,69280,-117915
1970-01-01 00:00:00.000250415,SPX,-63097,33979
1970-01-01 00:00:00.000250415,GBP,6509,-9489
1970-01-01 00:00:00.000250415,Russell 2000,679,-1341
1970-01-01 00:00:00.000250415,JPY,171855,-190345
1970-01-01 00:00:00.000250415,Soybeans,50161,-26710
1970-01-01 00:00:00.000250415,Wheat,-88326,85738
1970-01-01 00:00:00.000250415,Coffee,39934,-42991
1970-01-01 00:00:00.000250415,Cocoa,14611,-18097
1970-01-01 00:00:00.000250415,Copper,19477,-20172
1970-01-01 00:00:00.000250415,Sugar,29814,-35734
1970-01-01 00:00:00.000250415,Nasdaq,31794,-30833
1970-01-01 00:00:00.000250415,Silver,43949,-62750
1970-01-01 00:00:00.000250415,BTC,586,-268
1970-01-01 00:00:00.000250415,Gold,202210,-231912
1970-01-01 00:00:00.000250422,VIX,-5745,3019
1970-01-01 00:00:00.000250422,JPY,177814,-200922
1970-01-01 00:00:00.000250422,SPX,-75935,36396
1970-01-01 00:00:00.000250422,USD Index,-974,1985
1970-01-01 00:00:00.000250422,Coffee,41056,-43332
1970-01-01 00:00:00.000250422,Silver,44726,-64374
1970-01-01 00:00:00.000250422,Wheat,-93969,90745
1970-01-01 00:00:00.000250422,Russell 2000,-6719,-4795
1970-01-01 00:00:00.000250422,Cocoa,15577,-18970
1970-01-01 00:00:00.000250422,EUR,65028,-117941
1970-01-01 00:00:00.000250422,AUD,-54582,50430
1970-01-01 00:00:00.000250422,Sugar,33235,-32502
1970-01-01 00:00:00.000250422,BTC,-806,612
1970-01-01 00:00:00.000250422,Nasdaq,37680,-37245
1970-01-01 00:00:00.000250422,Gold,175378,-202268
1970-01-01 00:00:00.000250422,10Y UST,-906106,764191
1970-01-01 00:00:00.000250422,Copper,24765,-23650
1970-01-01 00:00:00.000250422,CHF,-25474,26742
1970-01-01 00:00:00.000250422,CAD,-67167,73173
1970-01-01 00:00:00.000250422,Corn,219843,-161479
1970-01-01 00:00:00.000250422,Crude Oil,170955,-173885
1970-01-01 00:00:00.000250422,Soybeans,55684,-31452
1970-01-01 00:00:00.000250422,GBP,20490,-25439
1970-01-01 00:00:00.000250429,Wheat,-116808,109606
1970-01-01 00:00:00.000250429,Russell 2000,-406,3154
1970-01-01 00:00:00.000250429,BTC,-1231,915
1970-01-01 00:00:00.000250429,Corn,175429,-128654
1970-01-01 00:00:00.000250429,10Y UST,-871537,715931
1970-01-01 00:00:00.000250429,Soybeans,59473,-38976
1970-01-01 00:00:00.000250429,VIX,4240,-7837
1970-01-01 00:00:00.000250429,SPX,-78666,37753
1970-01-01 00:00:00.000250429,AUD,-49943,48803
1970-01-01 00:00:00.000250429,Nasdaq,30863,-23292
1970-01-01 00:00:00.000250429,CHF,-24314,25264
1970-01-01 00:00:00.000250429,Coffee,49289,-52194
1970-01-01 00:00:00.000250429,Sugar,38765,-34712
1970-01-01 00:00:00.000250429,CAD,-67205,75322
1970-01-01 00:00:00.000250429,Crude Oil,177209,-183492
1970-01-01 00:00:00.000250429,GBP,23959,-29723
1970-01-01 00:00:00.000250429,Cocoa,17352,-21708
1970-01-01 00:00:00.000250429,Copper,19369,-20064
1970-01-01 00:00:00.000250429,EUR,75797,-131511
1970-01-01 00:00:00.000250429,USD Index,-449,1548
1970-01-01 00:00:00.000250429,Gold,163318,-190761
1970-01-01 00:00:00.000250429,JPY,179212,-201897
1970-01-01 00:00:00.000250429,Silver,49943,-69264
1970-01-01 00:00:00.000250506,10Y UST,-953168,812188
1970-01-01 00:00:00.000250506,Soybeans,49385,-30958
1970-01-01 00:00:00.000250506,GBP,29235,-34736
1970-01-01 00:00:00.000250506,Corn,115899,-75297
1970-01-01 00:00:00.000250506,CAD,-70645,76469
1970-01-01 00:00:00.000250506,BTC,-1781,1541
1970-01-01 00:00:00.000250506,Gold,162497,-192103
1970-01-01 00:00:00.000250506,Crude Oil,175428,-180590
1970-01-01 00:00:00.000250506,Nasdaq,32847,-22754
1970-01-01 00:00:00.000250506,Copper,21703,-22355
1970-01-01 00:00:00.000250506,CHF,-23574,24432
1970-01-01 00:00:00.000250506,JPY,176859,-200612
1970-01-01 00:00:00.000250506,Sugar,22440,-18002
1970-01-01 00:00:00.000250506,EUR,75719,-131339
1970-01-01 00:00:00.000250506,AUD,-48372,49713
1970-01-01 00:00:00.000250506,Wheat,-107537,101506
1970-01-01 00:00:00.000250506,Russell 2000,-14828,18843
1970-01-01 00:00:00.000250506,Cocoa,16911,-21174
1970-01-01 00:00:00.000250506,Silver,49252,-67803
1970-01-01 00:00:00.000250506,USD Index,-1108,2486
1970-01-01 00:00:00.000250506,Coffee,49341,-51788
1970-01-01 00:00:00.000250506,VIX,10943,-13545
1970-01-01 00:00:00.000250506,SPX,-76405,40182
1970-01-01 00:00:00.000250513,Gold,161209,-191207
1970-01-01 00:00:00.000250513,Silver,47754,-66180
1970-01-01 00:00:00.000250513,BTC,-827,1548
1970-01-01 00:00:00.000250513,Copper,21522,-24343
1970-01-01 00:00:00.000250513,Cocoa,20868,-27022
1970-01-01 00:00:00.000250513,Nasdaq,19547,-10153
1970-01-01 00:00:00.000250513,Sugar,28930,-31282
1970-01-01 00:00:00.000250513,Coffee,46070,-48390
1970-01-01 00:00:00.000250513,VIX,6099,-10164
1970-01-01 00:00:00.000250513,USD Index,-615,1067
1970-01-01 00:00:00.000250513,SPX,-122194,61669
1970-01-01 00:00:00.000250513,GBP,27216,-32059
1970-01-01 00:00:00.000250513,Soybeans,65178,-51976
1970-01-01 00:00:00.000250513,EUR,84774,-134282
1970-01-01 00:00:00.000250513,JPY,172268,-184891
1970-01-01 00:00:00.000250513,Wheat,-118100,112476
1970-01-01 00:00:00.000250513,Russell 2000,-28356,30861
1970-01-01 00:00:00.000250513,AUD,-49346,50883
1970-01-01 00:00:00.000250513,Corn,18106,13151
1970-01-01 00:00:00.000250513,CHF,-23069,22999
1970-01-01 00:00:00.000250513,10Y UST,-890351,805053
1970-01-01 00:00:00.000250513,CAD,-82156,91895
1970-01-01 00:00:00.000250513,Crude Oil,185301,-184838
1970-01-01 00:00:00.000250520,Russell 2000,-5747,9349
1970-01-01 00:00:00.000250520,Corn,-11552,39014
1970-01-01 00:00:00.000250520,Soybeans,47913,-34716
1970-01-01 00:00:00.000250520,AUD,-59077,59536
1970-01-01 00:00:00.000250520,Nasdaq,14530,-3723
1970-01-01 00:00:00.000250520,Crude Oil,186420,-186794
1970-01-01 00:00:00.000250520,GBP,23993,-33817
1970-01-01 00:00:00.000250520,Coffee,43300,-45702
1970-01-01 00:00:00.000250520,Silver,50042,-66779
1970-01-01 00:00:00.000250520,USD Index,-546,1870
1970-01-01 00:00:00.000250520,Sugar,28431,-21672
1970-01-01 00:00:00.000250520,Cocoa,23916,-28875
1970-01-01 00:00:00.000250520,JPY,167330,-181021
1970-01-01 00:00:00.000250520,Gold,163981,-197648
1970-01-01 00:00:00.000250520,BTC,-1952,1692
1970-01-01 00:00:00.000250520,VIX,4424,-5585
1970-01-01 00:00:00.000250520,CHF,-23767,25298
1970-01-01 00:00:00.000250520,Wheat,-99626,99080
1970-01-01 00:00:00.000250520,Copper,21038,-23423
1970-01-01 00:00:00.000250520,EUR,74453,-126830
1970-01-01 00:00:00.000250520,CAD,-103861,112982
1970-01-01 00:00:00.000250520,10Y UST,-851431,766540
1970-01-01 00:00:00.000250520,SPX,-96569,51097
1970-01-01 00:00:00.000250527,10Y UST,-769604,590028
1970-01-01 00:00:00.000250527,BTC,-2274,1772
1970-01-01 00:00:00.000250527,Crude Oil,165694,-169107
1970-01-01 00:00:00.000250527,VIX,-5765,5150
1970-01-01 00:00:00.000250527,SPX,-52970,6469
1970-01-01 00:00:00.000250527,Russell 2000,-4457,7041
1970-01-01 00:00:00.000250527,Soybeans,72561,-61136
1970-01-01 00:00:00.000250527,Wheat,-98755,96061
1970-01-01 00:00:00.000250527,Corn,-20333,52564
1970-01-01 00:00:00.000250527,AUD,-61180,56415
1970-01-01 00:00:00.000250527,GBP,35379,-46867
1970-01-01 00:00:00.000250527,Silver,53012,-70277
1970-01-01 00:00:00.000250527,Coffee,40515,-42414
1970-01-01 00:00:00.000250527,Sugar,19503,-12625
1970-01-01 00:00:00.000250527,Nasdaq,17032,-10175
1970-01-01 00:00:00.000250527,JPY,164012,-183698
1970-01-01 00:00:00.000250527,CHF,-25483,25454
1970-01-01 00:00:00.000250527,CAD,-103898,105002
1970-01-01 00:00:00.000250527,Copper,22581,-26075
1970-01-01 00:00:00.000250527,Gold,174184,-207587
1970-01-01 00:00:00.000250527,Cocoa,21112,-26071
1970-01-01 00:00:00.000250527,USD Index,-86,1487
1970-01-01 00:00:00.000250527,EUR,79474,-131901
1970-01-01 00:00:00.000250603,VIX,-3398,3419
1970-01-01 00:00:00.000250603,SPX,-69415,9046
1970-01-01 00:00:00.000250603,Copper,24094,-27013
1970-01-01 00:00:00.000250603,CHF,-26066,25884
1970-01-01 00:00:00.000250603,CAD,-108446,110625
1970-01-01 00:00:00.000250603,Gold,187905,-220826
1970-01-01 00:00:00.000250603,EUR,82764,-138285
1970-01-01 00:00:00.000250603,Cocoa,19470,-25602
1970-01-01 00:00:00.000250603,JPY,151149,-175508
1970-01-01 00:00:00.000250603,Sugar,-3844,10707
1970-01-01 00:00:00.000250603,USD Index,617,968
1970-01-01 00:00:00.000250603,Silver,60770,-79141
1970-01-01 00:00:00.000250603,GBP,35215,-48965
1970-01-01 00:00:00.000250603,Crude Oil,167957,-174464
1970-01-01 00:00:00.000250603,Coffee,35017,-37065
1970-01-01 00:00:00.000250603,AUD,-63155,61195
1970-01-01 00:00:00.000250603,Nasdaq,14670,-9454
1970-01-01 00:00:00.000250603,BTC,-2312,1949
1970-01-01 00:00:00.000250603,10Y UST,-705256,633320
1970-01-01 00:00:00.000250603,Corn,-81059,104725
1970-01-01 00:00:00.000250603,Wheat,-97074,95778
1970-01-01 00:00:00.000250603,Russell 2000,-12045,16193
1970-01-01 00:00:00.000250603,Soybeans,59947,-44377
1970-01-01 00:00:00.000250610,CAD,-93143,91207
1970-01-01 00:00:00.000250610,CHF,-21268,19842
1970-01-01 00:00:00.000250610,10Y UST,-724101,645726
1970-01-01 00:00:00.000250610,BTC,-2009,1741
1970-01-01 00:00:00.000250610,Sugar,-19515,26368
1970-01-01 00:00:00.000250610,JPY,144595,-169077
1970-01-01 00:00:00.000250610,Nasdaq,17727,-12062
1970-01-01 00:00:00.000250610,Copper,26351,-30284
1970-01-01 00:00:00.000250610,Silver,66650,-85661
1970-01-01 00:00:00.000250610,Coffee,37306,-39846
1970-01-01 00:00:00.000250610,GBP,51634,-60562
1970-01-01 00:00:00.000250610,EUR,93025,-151256
1970-01-01 00:00:00.000250610,Cocoa,19238,-25428
1970-01-01 00:00:00.000250610,Gold,187481,-222718
1970-01-01 00:00:00.000250610,USD Index,1402,-35
1970-01-01 00:00:00.000250610,AUD,-69944,63770
1970-01-01 00:00:00.000250610,Soybeans,70396,-58118
1970-01-01 00:00:00.000250610,Corn,-95494,114551
1970-01-01 00:00:00.000250610,SPX,-127668,58705
1970-01-01 00:00:00.000250610,VIX,-4466,5975
1970-01-01 00:00:00.000250610,Russell 2000,-30829,30493
1970-01-01 00:00:00.000250610,Crude Oil,191941,-200671
1970-01-01 00:00:00.000250610,Wheat,-93863,93573
1970-01-01 00:00:00.000250617,Soybeans,85223,-69947
1970-01-01 00:00:00.000250617,Coffee,35904,-37734
1970-01-01 00:00:00.000250617,GBP,42857,-52063
1970-01-01 00:00:00.000250617,Nasdaq,15694,-7302
1970-01-01 00:00:00.000250617,Sugar,-47141,51226
1970-01-01 00:00:00.000250617,JPY,130877,-148173
1970-01-01 00:00:00.000250617,Silver,67174,-85948
1970-01-01 00:00:00.000250617,Gold,200648,-237727
1970-01-01 00:00:00.000250617,Wheat,-84582,86253
1970-01-01 00:00:00.000250617,CAD,-66333,61855
1970-01-01 00:00:00.000250617,CHF,-20056,19166
1970-01-01 00:00:00.000250617,Russell 2000,-39747,38809
1970-01-01 00:00:00.000250617,VIX,-19155,20529
1970-01-01 00:00:00.000250617,SPX,-174147,116271
1970-01-01 00:00:00.000250617,Copper,23800,-28683
1970-01-01 00:00:00.000250617,BTC,-1784,1462
1970-01-01 00:00:00.000250617,10Y UST,-752899,661186
1970-01-01 00:00:00.000250617,Corn,-107244,128917
1970-01-01 00:00:00.000250617,USD Index,-2968,4113
1970-01-01 00:00:00.000250617,Crude Oil,231048,-259051
1970-01-01 00:00:00.000250617,AUD,-69390,65380
1970-01-01 00:00:00.000250617,EUR,101553,-161021
1970-01-01 00:00:00.000250617,Cocoa,17015,-22610
1970-01-01 00:00:00.000250624,BTC,-2161,1692
1970-01-01 00:00:00.000250624,CHF,-20944,20768
1970-01-01 00:00:00.000250624,Corn,-130570,143528
1970-01-01 00:00:00.000250624,EUR,111135,-164301
1970-01-01 00:00:00.000250624,USD Index,-6034,6748
1970-01-01 00:00:00.000250624,JPY,132277,-147710
1970-01-01 00:00:00.000250624,GBP,34395,-44035
1970-01-01 00:00:00.000250624,Soybeans,55870,-42557
1970-01-01 00:00:00.000250624,SPX,-144775,78550
1970-01-01 00:00:00.000250624,VIX,-22987,21963
1970-01-01 00:00:00.000250624,Cocoa,12905,-17330
1970-01-01 00:00:00.000250624,Wheat,-71192,75830
1970-01-01 00:00:00.000250624,Crude Oil,232969,-270542
1970-01-01 00:00:00.000250624,Nasdaq,16509,-22044
1970-01-01 00:00:00.000250624,Silver,62947,-82477
1970-01-01 00:00:00.000250624,Copper,29433,-31719
1970-01-01 00:00:00.000250624,Coffee,31154,-32779
1970-01-01 00:00:00.000250624,10Y UST,-680131,583284
1970-01-01 00:00:00.000250624,AUD,-72562,70475
1970-01-01 00:00:00.000250624,Gold,195004,-230560
1970-01-01 00:00:00.000250624,Russell 2000,-30829,25790
1970-01-01 00:00:00.000250624,Sugar,-47220,51407
1970-01-01 00:00:00.000250624,CAD,-53167,50430
1970-01-01 00:00:00.000250701,Corn,-155526,174260
1970-01-01 00:00:00.000250701,SPX,-86809,3044
1970-01-01 00:00:00.000250701,Russell 2000,-58385,53024
1970-01-01 00:00:00.000250701,Soybeans,41333,-25597
1970-01-01 00:00:00.000250701,BTC,-1756,1302
1970-01-01 00:00:00.000250701,VIX,-35336,34514
1970-01-01 00:00:00.000250701,10Y UST,-783662,695122
1970-01-01 00:00:00.000250701,AUD,-70090,65999
1970-01-01 00:00:00.000250701,Wheat,-69636,74976
1970-01-01 00:00:00.000250701,JPY,127338,-150857
1970-01-01 00:00:00.000250701,Sugar,-66915,76129
1970-01-01 00:00:00.000250701,Cocoa,13547,-17501
1970-01-01 00:00:00.000250701,EUR,107537,-160664
1970-01-01 00:00:00.000250701,USD Index,-4282,5114
1970-01-01 00:00:00.000250701,Coffee,28958,-30989
1970-01-01 00:00:00.000250701,Silver,63400,-84540
1970-01-01 00:00:00.000250701,CAD,-63452,60970
1970-01-01 00:00:00.000250701,CHF,-23853,21733
1970-01-01 00:00:00.000250701,Gold,201980,-236069
1970-01-01 00:00:00.000250701,GBP,31399,-43971
1970-01-01 00:00:00.000250701,Copper,33690,-37293
1970-01-01 00:00:00.000250701,Crude Oil,234693,-263895
1970-01-01 00:00:00.000250701,Nasdaq,27136,-38337
1970-01-01 00:00:00.000250708,10Y UST,-840579,733632
1970-01-01 00:00:00.000250708,BTC,-2436,1880
1970-01-01 00:00:00.000250708,Nasdaq,31211,-41626
1970-01-01 00:00:00.000250708,VIX,-39220,39666
1970-01-01 00:00:00.000250708,Cocoa,12584,-16541
1970-01-01 00:00:00.000250708,EUR,120596,-177423
1970-01-01 00:00:00.000250708,Crude Oil,209374,-236620
1970-01-01 00:00:00.000250708,USD Index,-3986,4762
1970-01-01 00:00:00.000250708,Copper,39604,-41102
1970-01-01 00:00:00.000250708,Gold,202968,-238354
1970-01-01 00:00:00.000250708,CHF,-22196,20777
1970-01-01 00:00:00.000250708,CAD,-71608,68694
1970-01-01 00:00:00.000250708,JPY,116155,-128680
1970-01-01 00:00:00.000250708,Sugar,-60451,74393
1970-01-01 00:00:00.000250708,Coffee,28921,-29887
1970-01-01 00:00:00.000250708,Silver,58521,-79595
1970-01-01 00:00:00.000250708,GBP,33194,-43542
1970-01-01 00:00:00.000250708,Soybeans,38068,-22361
1970-01-01 00:00:00.000250708,Russell 2000,-67121,61666
1970-01-01 00:00:00.000250708,SPX,-140018,61922
1970-01-01 00:00:00.000250708,Corn,-141762,165664
1970-01-01 00:00:00.000250708,AUD,-74314,68145
1970-01-01 00:00:00.000250708,Wheat,-61840,69331
1970-01-01 00:00:00.000250715,Crude Oil,162427,-188396
1970-01-01 00:00:00.000250715,Cocoa,11823,-16021
1970-01-01 00:00:00.000250715,Sugar,-52099,65399
1970-01-01 00:00:00.000250715,Coffee,31133,-31971
1970-01-01 00:00:00.000250715,Silver,59448,-79648
1970-01-01 00:00:00.000250715,VIX,-44533,43624
1970-01-01 00:00:00.000250715,SPX,-167778,96835
1970-01-01 00:00:00.000250715,BTC,-2486,1927
1970-01-01 00:00:00.000250715,Copper,40724,-42025
1970-01-01 00:00:00.000250715,Gold,213115,-250688
1970-01-01 00:00:00.000250715,CAD,-74094,72766
1970-01-01 00:00:00.000250715,CHF,-22637,23016
1970-01-01 00:00:00.000250715,GBP,29191,-37481
1970-01-01 00:00:00.000250715,JPY,103582,-110846
1970-01-01 00:00:00.000250715,USD Index,-3665,4422
1970-01-01 00:00:00.000250715,EUR,128221,-184215
1970-01-01 00:00:00.000250715,Nasdaq,34892,-41209
1970-01-01 00:00:00.000250715,Russell 2000,-72615,65611
1970-01-01 00:00:00.000250715,AUD,-74919,72528
1970-01-01 00:00:00.000250715,Corn,-129457,157267
1970-01-01 00:00:00.000250715,Soybeans,15294,-82
1970-01-01 00:00:00.000250715,10Y UST,-772377,686019
1970-01-01 00:00:00.000250715,Wheat,-65521,71099
1970-01-01 00:00:00.000250722,CAD,-70343,71510
1970-01-01 00:00:00.000250722,SPX,-168481,98168
1970-01-01 00:00:00.000250722,Russell 2000,-72192,68297
1970-01-01 00:00:00.000250722,BTC,-1852,1247
1970-01-01 00:00:00.000250722,GBP,570,-5739
1970-01-01 00:00:00.000250722,CHF,-26065,26431
1970-01-01 00:00:00.000250722,AUD,-81255,77341
1970-01-01 00:00:00.000250722,Sugar,-59729,72031
1970-01-01 00:00:00.000250722,Coffee,31117,-31817
1970-01-01 00:00:00.000250722,Nasdaq,30728,-37132
1970-01-01 00:00:00.000250722,Copper,39822,-40614
1970-01-01 00:00:00.000250722,Crude Oil,153331,-181856
1970-01-01 00:00:00.000250722,Gold,253038,-282337
1970-01-01 00:00:00.000250722,Cocoa,8332,-12272
1970-01-01 00:00:00.000250722,Silver,60620,-79227
1970-01-01 00:00:00.000250722,EUR,125515,-177713
1970-01-01 00:00:00.000250722,USD Index,-3451,3988
1970-01-01 00:00:00.000250722,10Y UST,-749534,660277
1970-01-01 00:00:00.000250722,Wheat,-53909,60291
1970-01-01 00:00:00.000250722,Corn,-133883,165523
1970-01-01 00:00:00.000250722,VIX,-50595,48953
1970-01-01 00:00:00.000250722,Soybeans,36033,-18411
1970-01-01 00:00:00.000250722,JPY,106645,-117360
1970-01-01 00:00:00.000250729,Copper,37347,-37076
1970-01-01 00:00:00.000250729,JPY,89243,-92548
1970-01-01 00:00:00.000250729,GBP,-12028,13324
1970-01-01 00:00:00.000250729,EUR,123359,-175778
1970-01-01 00:00:00.000250729,Gold,223596,-259079
1970-01-01 00:00:00.000250729,Corn,-133467,163897
1970-01-01 00:00:00.000250729,Cocoa,9856,-12954
1970-01-01 00:00:00.000250729,Silver,59407,-78929
1970-01-01 00:00:00.000250729,Nasdaq,34954,-40733
1970-01-01 00:00:00.000250729,Sugar,-62148,66947
1970-01-01 00:00:00.000250729,VIX,-67125,65507
1970-01-01 00:00:00.000250729,Russell 2000,-80896,73765
1970-01-01 00:00:00.000250729,Coffee,29846,-30250
1970-01-01 00:00:00.000250729,Soybeans,-10784,27910
1970-01-01 00:00:00.000250729,10Y UST,-896630,802010
1970-01-01 00:00:00.000250729,USD Index,-4156,3847
1970-01-01 00:00:00.000250729,CHF,-24034,28290
1970-01-01 00:00:00.000250729,Wheat,-69685,72060
1970-01-01 00:00:00.000250729,Crude Oil,156023,-179592
1970-01-01 00:00:00.000250729,BTC,-1008,530
1970-01-01 00:00:00.000250729,CAD,-76433,77288
1970-01-01 00:00:00.000250729,AUD,-78094,75042
1970-01-01 00:00:00.000250729,SPX,-163181,81752
1970-01-01 00:00:00.000250805,Russell 2000,-93747,90440
1970-01-01 00:00:00.000250805,Crude Oil,141829,-170558
1970-01-01 00:00:00.000250805,Nasdaq,33836,-44767
1970-01-01 00:00:00.000250805,AUD,-83560,82545
1970-01-01 00:00:00.000250805,Cocoa,10043,-13330
1970-01-01 00:00:00.000250805,VIX,-86472,85925
1970-01-01 00:00:00.000250805,SPX,-139646,63683
1970-01-01 00:00:00.000250805,Wheat,-78565,80870
1970-01-01 00:00:00.000250805,CAD,-79420,84877
1970-01-01 00:00:00.000250805,BTC,-1501,1195
1970-01-01 00:00:00.000250805,Corn,-107968,147872
1970-01-01 00:00:00.000250805,Gold,237050,-270146
1970-01-01 00:00:00.000250805,EUR,115959,-163545
1970-01-01 00:00:00.000250805,Soybeans,-39160,54893
1970-01-01 00:00:00.000250805,GBP,-33303,32643
1970-01-01 00:00:00.000250805,JPY,82006,-87341
1970-01-01 00:00:00.000250805,10Y UST,-959834,843450
1970-01-01 00:00:00.000250805,USD Index,-7030,5365
1970-01-01 00:00:00.000250805,CHF,-27377,33113
1970-01-01 00:00:00.000250805,Silver,50658,-72228
1970-01-01 00:00:00.000250805,Coffee,29258,-29818
1970-01-01 00:00:00.000250805,Copper,20686,-32762
1970-01-01 00:00:00.000250805,Sugar,-76972,89529
1970-01-01 00:00:00.000250812,SPX,-192057,118751
1970-01-01 00:00:00.000250812,AUD,-87905,84233
1970-01-01 00:00:00.000250812,Nasdaq,42312,-48851
1970-01-01 00:00:00.000250812,10Y UST,-942223,793295
1970-01-01 00:00:00.000250812,Crude Oil,116742,-142290
1970-01-01 00:00:00.000250812,Copper,28211,-38033
1970-01-01 00:00:00.000250812,EUR,115431,-167063
1970-01-01 00:00:00.000250812,USD Index,-6247,5122
1970-01-01 00:00:00.000250812,Sugar,-68512,64008
1970-01-01 00:00:00.000250812,Soybeans,-15575,30518
1970-01-01 00:00:00.000250812,Corn,-133174,155179
1970-01-01 00:00:00.000250812,Cocoa,13749,-18785
1970-01-01 00:00:00.000250812,CHF,-28043,33224
1970-01-01 00:00:00.000250812,Gold,229485,-263065
1970-01-01 00:00:00.000250812,BTC,-742,118
1970-01-01 00:00:00.000250812,CAD,-90077,93571
1970-01-01 00:00:00.000250812,JPY,74234,-73895
1970-01-01 00:00:00.000250812,GBP,-39093,35517
1970-01-01 00:00:00.000250812,Coffee,26202,-27078
1970-01-01 00:00:00.000250812,Silver,44268,-66421
1970-01-01 00:00:00.000250812,VIX,-83138,80370
1970-01-01 00:00:00.000250812,Russell 2000,-95231,89727
1970-01-01 00:00:00.000250812,Wheat,-89046,88024
1970-01-01 00:00:00.000250819,Silver,46549,-66675
1970-01-01 00:00:00.000250819,Soybeans,19746,-4205
1970-01-01 00:00:00.000250819,Sugar,-70293,72429
1970-01-01 00:00:00.000250819,Coffee,28660,-30356
1970-01-01 00:00:00.000250819,GBP,-25185,20792
1970-01-01 00:00:00.000250819,AUD,-94887,93396
1970-01-01 00:00:00.000250819,JPY,77581,-79882
1970-01-01 00:00:00.000250819,CAD,-93079,100818
1970-01-01 00:00:00.000250819,Gold,212590,-249965
1970-01-01 00:00:00.000250819,BTC,-1200,758
1970-01-01 00:00:00.000250819,Russell 2000,-79394,73234
1970-01-01 00:00:00.000250819,Wheat,-93618,92339
1970-01-01 00:00:00.000250819,Copper,26032,-35365
1970-01-01 00:00:00.000250819,CHF,-27278,34522
1970-01-01 00:00:00.000250819,Corn,-105210,123955
1970-01-01 00:00:00.000250819,EUR,118745,-166431
1970-01-01 00:00:00.000250819,VIX,-92787,92201
1970-01-01 00:00:00.000250819,Cocoa,12029,-16261
1970-01-01 00:00:00.000250819,USD Index,-5988,5060
1970-01-01 00:00:00.000250819,10Y UST,-945516,826011
1970-01-01 00:00:00.000250819,SPX,-171498,98790
1970-01-01 00:00:00.000250819,Nasdaq,33845,-44468
1970-01-01 00:00:00.000250819,Crude Oil,120209,-140554
1970-01-01 00:00:00.000250826,CHF,-26978,33052
1970-01-01 00:00:00.000250826,CAD,-105015,108560
1970-01-01 00:00:00.000250826,BTC,-372,280
1970-01-01 00:00:00.000250826,JPY,84484,-90150
1970-01-01 00:00:00.000250826,VIX,-93138,89506
1970-01-01 00:00:00.000250826,GBP,-31353,25962
1970-01-01 00:00:00.000250826,USD Index,-6105,6163
1970-01-01 00:00:00.000250826,10Y UST,-883829,729027
1970-01-01 00:00:00.000250826,Soybeans,18189,-643
1970-01-01 00:00:00.000250826,Wheat,-78782,78683
1970-01-01 00:00:00.000250826,EUR,123039,-173206
1970-01-01 00:00:00.000250826,Corn,-70940,93769
1970-01-01 00:00:00.000250826,Silver,46466,-68285
1970-01-01 00:00:00.000250826,Cocoa,7996,-11793
1970-01-01 00:00:00.000250826,Copper,26230,-34994
1970-01-01 00:00:00.000250826,Crude Oil,109472,-130871
1970-01-01 00:00:00.000250826,Sugar,-74738,75802
1970-01-01 00:00:00.000250826,Nasdaq,36082,-48721
1970-01-01 00:00:00.000250826,Coffee,31274,-33581
1970-01-01 00:00:00.000250826,SPX,-187752,107645
1970-01-01 00:00:00.000250826,AUD,-100590,101285
1970-01-01 00:00:00.000250826,Gold,214311,-250965
1970-01-01 00:00:00.000250826,Russell 2000,-66840,57672
1970-01-01 00:00:00.000250902,Nasdaq,15444,-23017
1970-01-01 00:00:00.000250902,Russell 2000,-60338,48115
1970-01-01 00:00:00.000250902,Wheat,-71636,71701
1970-01-01 00:00:00.000250902,EUR,119592,-171269
1970-01-01 00:00:00.000250902,Crude Oil,102428,-121395
1970-01-01 00:00:00.000250902,SPX,-161060,88921
1970-01-01 00:00:00.000250902,VIX,-106952,105321
1970-01-01 00:00:00.000250902,AUD,-82683,79114
1970-01-01 00:00:00.000250902,Corn,-52455,87814
1970-01-01 00:00:00.000250902,Cocoa,6697,-10548
1970-01-01 00:00:00.000250902,Copper,25658,-33950
1970-01-01 00:00:00.000250902,Silver,55923,-74197
1970-01-01 00:00:00.000250902,CAD,-108976,115358
1970-01-01 00:00:00.000250902,CHF,-25888,32459
1970-01-01 00:00:00.000250902,BTC,-902,649
1970-01-01 00:00:00.000250902,Gold,249530,-273898
1970-01-01 00:00:00.000250902,JPY,73258,-76256
1970-01-01 00:00:00.000250902,USD Index,-5021,5790
1970-01-01 00:00:00.000250902,Sugar,-85805,88575
1970-01-01 00:00:00.000250902,Coffee,34986,-37500
1970-01-01 00:00:00.000250902,10Y UST,-868358,742101
1970-01-01 00:00:00.000250902,Soybeans,21420,-6672
1970-01-01 00:00:00.000250902,GBP,-33140,31804
1970-01-01 00:00:00.000250909,VIX,-107810,104247
1970-01-01 00:00:00.000250909,BTC,-468,56
1970-01-01 00:00:00.000250909,Gold,261740,-273375
1970-01-01 00:00:00.000250909,SPX,-173665,90841
1970-01-01 00:00:00.000250909,10Y UST,-857972,719102
1970-01-01 00:00:00.000250909,Sugar,-139610,140084
1970-01-01 00:00:00.000250909,EUR,125677,-179647
1970-01-01 00:00:00.000250909,USD Index,-5558,6642
1970-01-01 00:00:00.000250909,CHF,-28839,30815
1970-01-01 00:00:00.000250909,CAD,-108917,115041
1970-01-01 00:00:00.000250909,Coffee,38517,-40893
1970-01-01 00:00:00.000250909,JPY,91643,-100442
1970-01-01 00:00:00.000250909,Cocoa,6946,-10553
1970-01-01 00:00:00.000250909,GBP,-33605,29784
1970-01-01 00:00:00.000250909,Silver,53937,-73402
1970-01-01 00:00:00.000250909,Crude Oil,81844,-102155
1970-01-01 00:00:00.000250909,Copper,27241,-36015
1970-01-01 00:00:00.000250909,Soybeans,8323,4933
1970-01-01 00:00:00.000250909,AUD,-79231,73221
1970-01-01 00:00:00.000250909,Corn,-54244,85990
1970-01-01 00:00:00.000250909,Nasdaq,25473,-33166
1970-01-01 00:00:00.000250909,Wheat,-82139,81977
1970-01-01 00:00:00.000250909,Russell 2000,-72249,60284
1970-01-01 00:00:00.000250916,SPX,-225074,134019
1970-01-01 00:00:00.000250916,AUD,-51160,40651
1970-01-01 00:00:00.000250916,Coffee,40176,-43585
1970-01-01 00:00:00.000250916,JPY,61411,-68338
1970-01-01 00:00:00.000250916,Soybeans,21187,-8293
1970-01-01 00:00:00.000250916,Sugar,-106344,112398
1970-01-01 00:00:00.000250916,Crude Oil,98709,-114749
1970-01-01 00:00:00.000250916,Corn,-36169,68373
1970-01-01 00:00:00.000250916,Russell 2000,-85834,76807
1970-01-01 00:00:00.000250916,EUR,117759,-167380
1970-01-01 00:00:00.000250916,Nasdaq,17806,-24279
1970-01-01 00:00:00.000250916,USD Index,-12894,13534
1970-01-01 00:00:00.000250916,Cocoa,8337,-11290
1970-01-01 00:00:00.000250916,GBP,-6580,-5099
1970-01-01 00:00:00.000250916,Copper,30348,-38424
1970-01-01 00:00:00.000250916,Gold,266410,-302371
1970-01-01 00:00:00.000250916,CAD,-107177,114181
1970-01-01 00:00:00.000250916,CHF,-26040,28198
1970-01-01 00:00:00.000250916,10Y UST,-819299,659945
1970-01-01 00:00:00.000250916,Silver,51538,-71389
1970-01-01 00:00:00.000250916,BTC,20,-453
1970-01-01 00:00:00.000250916,Wheat,-72159,73100
1970-01-01 00:00:00.000250916,VIX,-101689,100566
1970-01-01 00:00:00.000250923,GBP,-1964,-3204
1970-01-01 00:00:00.000250923,CAD,-114806,124181
1970-01-01 00:00:00.000250923,SPX,-172549,88637
1970-01-01 00:00:00.000250923,AUD,-59590,48914
1970-01-01 00:00:00.000250923,Crude Oil,102958,-118600
1970-01-01 00:00:00.000250923,CHF,-23018,26659
1970-01-01 00:00:00.000250923,Russell 2000,-51985,38695
1970-01-01 00:00:00.000250923,Wheat,-81682,81083
1970-01-01 00:00:00.000250923,Corn,-51186,79646
1970-01-01 00:00:00.000250923,BTC,79,-325
1970-01-01 00:00:00.000250923,EUR,114345,-165777
1970-01-01 00:00:00.000250923,Nasdaq,23405,-27393
1970-01-01 00:00:00.000250923,10Y UST,-844116,680220
1970-01-01 00:00:00.000250923,Copper,30230,-38253
1970-01-01 00:00:00.000250923,Soybeans,5748,7371
1970-01-01 00:00:00.000250923,Nikkei,-3573,3351
1970-01-01 00:00:00.000250923,Sugar,-125628,128130
1970-01-01 00:00:00.000250923,Coffee,36708,-39661
1970-01-01 00:00:00.000250923,Silver,52276,-72755
1970-01-01 00:00:00.000250923,JPY,79500,-83239
1970-01-01 00:00:00.000250923,VIX,-101193,101330
1970-01-01 00:00:00.000250923,Cocoa,7816,-10010
1970-01-01 00:00:00.000250923,Gold,266749,-298403
1970-01-01 00:00:00.000250923,USD Index,-10344,11375
1970-01-01 00:00:00.000250930,Cocoa,8357,-9191
1970-01-01 00:00:00.000250930,SPX,-136689,49567
1970-01-01 00:00:00.000250930,AUD,-64606,53892
1970-01-01 00:00:00.000250930,JPY,61465,-60745
1970-01-01 00:00:00.000250930,Silver,49739,-71090
1970-01-01 00:00:00.000250930,Crude Oil,103300,-133096
1970-01-01 00:00:00.000250930,Coffee,37907,-40535
1970-01-01 00:00:00.000250930,USD Index,-13636,13818
1970-01-01 00:00:00.000250930,CHF,-26062,29992
1970-01-01 00:00:00.000250930,Gold,252908,-288236
1970-01-01 00:00:00.000250930,Russell 2000,-51904,41741
1970-01-01 00:00:00.000250930,BTC,-108,-78
1970-01-01 00:00:00.000250930,GBP,-8894,7746
1970-01-01 00:00:00.000250930,Nikkei,-4485,3542
1970-01-01 00:00:00.000250930,EUR,117369,-167136
1970-01-01 00:00:00.000250930,Sugar,-105207,107073
1970-01-01 00:00:00.000250930,Soybeans,-8333,21603
1970-01-01 00:00:00.000250930,Copper,32566,-42550
1970-01-01 00:00:00.000250930,CAD,-119905,134279
1970-01-01 00:00:00.000250930,Corn,-81307,104703
1970-01-01 00:00:00.000250930,Wheat,-75095,74032
1970-01-01 00:00:00.000250930,10Y UST,-739908,572904
1970-01-01 00:00:00.000250930,VIX,-104612,104800
1970-01-01 00:00:00.000250930,Nasdaq,41008,-47606
1970-01-01 00:00:00.000251007,Sugar,-114807,109384
1970-01-01 00:00:00.000251007,AUD,-57805,41801
1970-01-01 00:00:00.000251007,Nikkei,-3013,2706
1970-01-01 00:00:00.000251007,SPX,-144091,47444
1970-01-01 00:00:00.000251007,Silver,46217,-68686
1970-01-01 00:00:00.000251007,10Y UST,-787958,639849
1970-01-01 00:00:00.000251007,JPY,46307,-45974
1970-01-01 00:00:00.000251007,Copper,39069,-50872
1970-01-01 00:00:00.000251007,VIX,-120434,105777
1970-01-01 00:00:00.000251007,Gold,231956,-263772
1970-01-01 00:00:00.000251007,Crude Oil,74309,-98056
1970-01-01 00:00:00.000251007,Coffee,39260,-41846
1970-01-01 00:00:00.000251007,EUR,118365,-167834
1970-01-01 00:00:00.000251007,CAD,-136718,151915
1970-01-01 00:00:00.000251007,Wheat,-70634,70648
1970-01-01 00:00:00.000251007,CHF,-27470,31295
1970-01-01 00:00:00.000251007,GBP,-4476,3529
1970-01-01 00:00:00.000251007,Soybeans,39874,-20721
1970-01-01 00:00:00.000251007,BTC,-1108,876
1970-01-01 00:00:00.000251007,Nasdaq,43341,-49165
1970-01-01 00:00:00.000251007,USD Index,-13145,13314
1970-01-01 00:00:00.000251007,Russell 2000,-59505,49901
1970-01-01 00:00:00.000251007,Corn,-92353,117716
1970-01-01 00:00:00.000251007,Cocoa,9343,-9108
1970-01-01 00:00:00.000251014,CHF,-28206,32830
1970-01-01 00:00:00.000251014,BTC,-452,128
1970-01-01 00:00:00.000251014,10Y UST,-830797,679362
1970-01-01 00:00:00.000251014,Wheat,-84679,82625
1970-01-01 00:00:00.000251014,Copper,42627,-53243
1970-01-01 00:00:00.000251014,CAD,-137593,152580
1970-01-01 00:00:00.000251014,GBP,-11629,16790
1970-01-01 00:00:00.000251014,Gold,203916,-236867
1970-01-01 00:00:00.000251014,Soybeans,46165,-26334
1970-01-01 00:00:00.000251014,USD Index,-14933,13766
1970-01-01 00:00:00.000251014,Cocoa,6053,-5117
1970-01-01 00:00:00.000251014,SPX,-165683,72883
1970-01-01 00:00:00.000251014,AUD,-59578,50478
1970-01-01 00:00:00.000251014,Crude Oil,60991,-81380
1970-01-01 00:00:00.000251014,Nasdaq,52827,-60400
1970-01-01 00:00:00.000251014,Russell 2000,-51811,44456
1970-01-01 00:00:00.000251014,EUR,108325,-149130
1970-01-01 00:00:00.000251014,Corn,-120964,140492
1970-01-01 00:00:00.000251014,Sugar,-140751,146493
1970-01-01 00:00:00.000251014,Silver,43181,-64655
1970-01-01 00:00:00.000251014,Coffee,42298,-45269
1970-01-01 00:00:00.000251014,VIX,-97390,101554
1970-01-01 00:00:00.000251014,JPY,37166,-36620
1970-01-01 00:00:00.000251021,JPY,70414,-67894
1970-01-01 00:00:00.000251021,Soybeans,77616,-59754
1970-01-01 00:00:00.000251021,USD Index,-15367,14537
1970-01-01 00:00:00.000251021,VIX,-71273,74489
1970-01-01 00:00:00.000251021,Wheat,-80232,79497
1970-01-01 00:00:00.000251021,EUR,111752,-156233
1970-01-01 00:00:00.000251021,Corn,-83343,100645
1970-01-01 00:00:00.000251021,GBP,-16775,15605
1970-01-01 00:00:00.000251021,10Y UST,-846523,682794
1970-01-01 00:00:00.000251021,Nasdaq,48862,-55848
1970-01-01 00:00:00.000251021,Crude Oil,39800,-55056
1970-01-01 00:00:00.000251021,Russell 2000,-61971,54956
1970-01-01 00:00:00.000251021,AUD,-65764,58219
1970-01-01 00:00:00.000251021,SPX,-145350,51577
1970-01-01 00:00:00.000251021,Gold,176609,-210117
1970-01-01 00:00:00.000251021,Silver,37259,-57237
1970-01-01 00:00:00.000251021,Copper,41211,-52133
1970-01-01 00:00:00.000251021,CHF,-27844,30546
1970-01-01 00:00:00.000251021,BTC,-329,-140
1970-01-01 00:00:00.000251021,CAD,-145108,158354
1970-01-01 00:00:00.000251021,Cocoa,6176,-5571
1970-01-01 00:00:00.000251021,Sugar,-140401,154520
1970-01-01 00:00:00.000251021,Coffee,44343,-47350
1970-01-01 00:00:00.000251028,VIX,-71589,72771
1970-01-01 00:00:00.000251028,Wheat,-49829,53066
1970-01-01 00:00:00.000251028,Soybeans,157193,-137378
1970-01-01 00:00:00.000251028,BTC,-543,117
1970-01-01 00:00:00.000251028,Corn,-13862,33335
1970-01-01 00:00:00.000251028,Russell 2000,-61209,48671
1970-01-01 00:00:00.000251028,SPX,-150135,51870
1970-01-01 00:00:00.000251028,AUD,-73934,66662
1970-01-01 00:00:00.000251028,Nasdaq,42302,-47744
1970-01-01 00:00:00.000251028,10Y UST,-910930,739713
1970-01-01 00:00:00.000251028,Sugar,-167419,177215
1970-01-01 00:00:00.000251028,USD Index,-16126,15939
1970-01-01 00:00:00.000251028,EUR,107333,-151596
1970-01-01 00:00:00.000251028,CAD,-150044,163411
1970-01-01 00:00:00.000251028,Coffee,44145,-46027
1970-01-01 00:00:00.000251028,CHF,-27858,31463
1970-01-01 00:00:00.000251028,Cocoa,7856,-7981
1970-01-01 00:00:00.000251028,GBP,-20262,27100
1970-01-01 00:00:00.000251028,JPY,68115,-68613
1970-01-01 00:00:00.000251028,Copper,49094,-60803
1970-01-01 00:00:00.000251028,Gold,204664,-237027
1970-01-01 00:00:00.000251028,Silver,37119,-55585
1970-01-01 00:00:00.000251028,Crude Oil,65601,-77717
1970-01-01 00:00:00.000251104,Silver,33221,-52664
1970-01-01 00:00:00.000251104,Gold,202307,-236542
1970-01-01 00:00:00.000251104,Sugar,-195528,203896
1970-01-01 00:00:00.000251104,Coffee,44258,-46701
1970-01-01 00:00:00.000251104,Copper,56375,-68584
1970-01-01 00:00:00.000251104,Crude Oil,74907,-84426
1970-01-01 00:00:00.000251104,Nasdaq,48171,-58524
1970-01-01 00:00:00.000251104,SPX,-163945,65824
1970-01-01 00:00:00.000251104,Russell 2000,-58810,50930
1970-01-01 00:00:00.000251104,Cocoa,8125,-8003
1970-01-01 00:00:00.000251104,AUD,-71576,65103
1970-01-01 00:00:00.000251104,BTC,-275,31
1970-01-01 00:00:00.000251104,CAD,-159512,173393
1970-01-01 00:00:00.000251104,Soybeans,217424,-195402
1970-01-01 00:00:00.000251104,EUR,91795,-126612
1970-01-01 00:00:00.000251104,CHF,-31887,39251
1970-01-01 00:00:00.000251104,Corn,5180,16733
1970-01-01 00:00:00.000251104,GBP,-55019,66827
1970-01-01 00:00:00.000251104,JPY,51265,-47851
1970-01-01 00:00:00.000251104,USD Index,-15562,14704
1970-01-01 00:00:00.000251104,10Y UST,-859245,690142
1970-01-01 00:00:00.000251104,VIX,-85632,89205
1970-01-01 00:00:00.000251104,Wheat,-49186,54697
1970-01-01 00:00:00.000251110,SPX,-157930,52891
1970-01-01 00:00:00.000251110,AUD,-78627,70744
1970-01-01 00:00:00.000251110,EUR,73589,-111373
1970-01-01 00:00:00.000251110,Soybeans,228126,-207271
1970-01-01 00:00:00.000251110,USD Index,-15627,15172
1970-01-01 00:00:00.000251110,VIX,-77022,79106
1970-01-01 00:00:00.000251110,Wheat,-35898,43623
1970-01-01 00:00:00.000251110,Nasdaq,49816,-61869
1970-01-01 00:00:00.000251110,Corn,43013,-19414
1970-01-01 00:00:00.000251110,Crude Oil,60384,-71884
1970-01-01 00:00:00.000251110,Sugar,-200627,208206
1970-01-01 00:00:00.000251110,BTC,128,-99
1970-01-01 00:00:00.000251110,Coffee,43297,-45971
1970-01-01 00:00:00.000251110,CHF,-36049,43206
1970-01-01 00:00:00.000251110,Copper,55526,-68856
1970-01-01 00:00:00.000251110,Gold,207069,-244823
1970-01-01 00:00:00.000251110,CAD,-157635,173878
1970-01-01 00:00:00.000251110,Silver,32986,-52216
1970-01-01 00:00:00.000251110,10Y UST,-820807,690329
1970-01-01 00:00:00.000251110,JPY,48476,-48023
1970-01-01 00:00:00.000251110,Russell 2000,-56384,45284
1970-01-01 00:00:00.000251110,GBP,-81004,92403
1970-01-01 00:00:00.000251110,Cocoa,7532,-6808
1970-01-01 00:00:00.000251118,10Y UST,-753697,607711
1970-01-01 00:00:00.000251118,Sugar,-188400,194387
1970-01-01 00:00:00.000251118,Coffee,38530,-40303
1970-01-01 00:00:00.000251118,USD Index,-16108,15131
1970-01-01 00:00:00.000251118,Cocoa,-4251,5535
1970-01-01 00:00:00.000251118,EUR,99007,-140150
1970-01-01 00:00:00.000251118,Soybeans,254090,-229882
1970-01-01 00:00:00.000251118,Russell 2000,-64741,52678
1970-01-01 00:00:00.000251118,JPY,31157,-30527
1970-01-01 00:00:00.000251118,GBP,-79257,93096
1970-01-01 00:00:00.000251118,CAD,-149099,161670
1970-01-01 00:00:00.000251118,CHF,-32185,34869
1970-01-01 00:00:00.000251118,BTC,-312,161
1970-01-01 00:00:00.000251118,Silver,34016,-53426
1970-01-01 00:00:00.000251118,Copper,51959,-63120
1970-01-01 00:00:00.000251118,Gold,210339,-245585
1970-01-01 00:00:00.000251118,VIX,-80007,85120
1970-01-01 00:00:00.000251118,Nasdaq,46410,-60264
1970-01-01 00:00:00.000251118,Crude Oil,69176,-80301
1970-01-01 00:00:00.000251118,Wheat,-29287,36387
1970-01-01 00:00:00.000251118,Corn,120900,-84962
1970-01-01 00:00:00.000251118,AUD,-75856,66805
1970-01-01 00:00:00.000251118,SPX,-147405,49964
1970-01-01 00:00:00.000251125,Soybeans,239813,-218925
1970-01-01 00:00:00.000251125,Wheat,-35366,42154
1970-01-01 00:00:00.000251125,Corn,58669,-31073
1970-01-01 00:00:00.000251125,AUD,-84176,75552
1970-01-01 00:00:00.000251125,Russell 2000,-37956,28501
1970-01-01 00:00:00.000251125,Nasdaq,57393,-66754
1970-01-01 00:00:00.000251125,Gold,204588,-241403
1970-01-01 00:00:00.000251125,10Y UST,-781383,634552
1970-01-01 00:00:00.000251125,CAD,-150414,163460
1970-01-01 00:00:00.000251125,Silver,32188,-53268
1970-01-01 00:00:00.000251125,USD Index,-16347,15883
1970-01-01 00:00:00.000251125,Cocoa,-5807,7665
1970-01-01 00:00:00.000251125,GBP,-93221,102000
1970-01-01 00:00:00.000251125,EUR,94071,-136976
1970-01-01 00:00:00.000251125,CHF,-35360,39114
1970-01-01 00:00:00.000251125,BTC,-83,-262
1970-01-01 00:00:00.000251125,Coffee,35987,-37594
1970-01-01 00:00:00.000251125,SPX,-155278,29367
1970-01-01 00:00:00.000251125,Copper,43637,-54001
1970-01-01 00:00:00.000251125,JPY,26517,-27484
1970-01-01 00:00:00.000251125,Sugar,-194604,197634
1970-01-01 00:00:00.000251125,VIX,-54674,54103
1970-01-01 00:00:00.000251125,Crude Oil,55017,-65188
1970-01-01 00:00:00.000251202,JPY,36418,-38123
1970-01-01 00:00:00.000251202,GBP,-80180,89215
1970-01-01 00:00:00.000251202,Crude Oil,51037,-61260
1970-01-01 00:00:00.000251202,Coffee,35350,-37142
1970-01-01 00:00:00.000251202,Nasdaq,48318,-62116
1970-01-01 00:00:00.000251202,CHF,-35785,36848
1970-01-01 00:00:00.000251202,Copper,53413,-66516
1970-01-01 00:00:00.000251202,Gold,217560,-255348
1970-01-01 00:00:00.000251202,BTC,567,-591
1970-01-01 00:00:00.000251202,Silver,38519,-56639
1970-01-01 00:00:00.000251202,CAD,-150047,159150
1970-01-01 00:00:00.000251202,VIX,-63828,65877
1970-01-01 00:00:00.000251202,AUD,-83393,70281
1970-01-01 00:00:00.000251202,Cocoa,-6184,8728
1970-01-01 00:00:00.000251202,10Y UST,-736955,596968
1970-01-01 00:00:00.000251202,Corn,87096,-58851
1970-01-01 00:00:00.000251202,USD Index,-16218,15404
1970-01-01 00:00:00.000251202,SPX,-195667,67896
1970-01-01 00:00:00.000251202,Wheat,-26431,31323
1970-01-01 00:00:00.000251202,Sugar,-184895,188401
1970-01-01 00:00:00.000251202,EUR,108453,-155752
1970-01-01 00:00:00.000251202,Soybeans,245272,-224801
1970-01-01 00:00:00.000251202,Russell 2000,-28414,18876
1970-01-01 00:00:00.000251209,Russell 2000,-19317,7475
1970-01-01 00:00:00.000251209,Copper,62479,-76183
1970-01-01 00:00:00.000251209,Gold,223886,-262579
1970-01-01 00:00:00.000251209,Cocoa,-2736,5047
1970-01-01 00:00:00.000251209,Crude Oil,58433,-78497
1970-01-01 00:00:00.000251209,Coffee,34747,-36256
1970-01-01 00:00:00.000251209,SPX,-190445,63942
1970-01-01 00:00:00.000251209,Nasdaq,48051,-62479
1970-01-01 00:00:00.000251209,Sugar,-182562,188029
1970-01-01 00:00:00.000251209,AUD,-62947,45086
1970-01-01 00:00:00.000251209,Silver,44709,-60827
1970-01-01 00:00:00.000251209,Soybeans,216105,-194211
1970-01-01 00:00:00.000251209,EUR,138788,-189597
1970-01-01 00:00:00.000251209,USD Index,-13874,13628
1970-01-01 00:00:00.000251209,JPY,17448,-18059
1970-01-01 00:00:00.000251209,VIX,-75511,74825
1970-01-01 00:00:00.000251209,Wheat,-29072,33106
1970-01-01 00:00:00.000251209,Corn,67530,-44251
1970-01-01 00:00:00.000251209,10Y UST,-686764,552004
1970-01-01 00:00:00.000251209,GBP,-75515,84282
1970-01-01 00:00:00.000251209,CAD,-130600,138723
1970-01-01 00:00:00.000251209,CHF,-38603,42549
1970-01-01 00:00:00.000251209,BTC,265,-347
1970-01-01 00:00:00.000251216,Cocoa,2036,824
1970-01-01 00:00:00.000251216,Copper,64826,-78879
1970-01-01 00:00:00.000251216,Coffee,29904,-30673
1970-01-01 00:00:00.000251216,Wheat,-50166,52381
1970-01-01 00:00:00.000251216,Gold,233978,-274358
1970-01-01 00:00:00.000251216,VIX,-74492,75996
1970-01-01 00:00:00.000251216,EUR,144903,-196057
1970-01-01 00:00:00.000251216,Soybeans,192890,-175261
1970-01-01 00:00:00.000251216,CHF,-38907,40370
1970-01-01 00:00:00.000251216,BTC,106,19
1970-01-01 00:00:00.000251216,Sugar,-157649,165971
1970-01-01 00:00:00.000251216,Silver,36352,-55191
1970-01-01 00:00:00.000251216,JPY,-2942,-4744
1970-01-01 00:00:00.000251216,CAD,-86640,92238
1970-01-01 00:00:00.000251216,Corn,14656,9604
1970-01-01 00:00:00.000251216,USD Index,-4595,5189
1970-01-01 00:00:00.000251216,GBP,-48498,50409
1970-01-01 00:00:00.000251216,Nasdaq,46376,-63220
1970-01-01 00:00:00.000251216,SPX,-166019,34871
1970-01-01 00:00:00.000251216,Crude Oil,54896,-72572
1970-01-01 00:00:00.000251216,Russell 2000,10082,-30191
1970-01-01 00:00:00.000251216,AUD,-21895,1571
1970-01-01 00:00:00.000251216,10Y UST,-670108,524203
1970-01-01 00:00:00.000251223,GBP,-41199,43656
1970-01-01 00:00:00.000251223,BTC,-479,453
1970-01-01 00:00:00.000251223,CHF,-43989,43356
1970-01-01 00:00:00.000251223,CAD,-55793,57190
1970-01-01 00:00:00.000251223,Corn,64872,-41000
1970-01-01 00:00:00.000251223,10Y UST,-742370,658606
1970-01-01 00:00:00.000251223,Wheat,-71832,72389
1970-01-01 00:00:00.000251223,VIX,-81235,82381
1970-01-01 00:00:00.000251223,USD Index,-4021,4777
1970-01-01 00:00:00.000251223,JPY,1223,-5904
1970-01-01 00:00:00.000251223,Soybeans,157779,-150308
1970-01-01 00:00:00.000251223,EUR,159891,-209478
1970-01-01 00:00:00.000251223,AUD,-21598,3772
1970-01-01 00:00:00.000251223,Copper,67088,-80446
1970-01-01 00:00:00.000251223,Silver,35884,-54267
1970-01-01 00:00:00.000251223,Nasdaq,31833,-49737
1970-01-01 00:00:00.000251223,Sugar,-149541,153984
1970-01-01 00:00:00.000251223,Crude Oil,64898,-68184
1970-01-01 00:00:00.000251223,SPX,-81820,-50620
1970-01-01 00:00:00.000251223,Coffee,23673,-25001
1970-01-01 00:00:00.000251223,Cocoa,2098,-170
1970-01-01 00:00:00.000251223,Russell 2000,-2201,-15360
1970-01-01 00:00:00.000251223,Gold,240700,-283526
1970-01-01 00:00:00.000251230,SPX,-94415,-29910
1970-01-01 00:00:00.000251230,Wheat,-70991,69976
1970-01-01 00:00:00.000251230,Soybeans,121811,-111889
1970-01-01 00:00:00.000251230,Sugar,-137822,145162
1970-01-01 00:00:00.000251230,VIX,-90403,90370
1970-01-01 00:00:00.000251230,Russell 2000,-3631,-13286
1970-01-01 00:00:00.000251230,AUD,-21216,-838
1970-01-01 00:00:00.000251230,10Y UST,-939658,807580
1970-01-01 00:00:00.000251230,Corn,53192,-26351
1970-01-01 00:00:00.000251230,Cocoa,3158,-2216
1970-01-01 00:00:00.000251230,Gold,231173,-275246
1970-01-01 00:00:00.000251230,CHF,-44198,42369
1970-01-01 00:00:00.000251230,BTC,-513,626
1970-01-01 00:00:00.000251230,Copper,59839,-72708
1970-01-01 00:00:00.000251230,CAD,-40511,36088
1970-01-01 00:00:00.000251230,GBP,-33207,34483
1970-01-01 00:00:00.000251230,Coffee,24543,-25809
1970-01-01 00:00:00.000251230,Crude Oil,64591,-70253
1970-01-01 00:00:00.000251230,USD Index,-3960,4588
1970-01-01 00:00:00.000251230,Nasdaq,25051,-43456
1970-01-01 00:00:00.000251230,EUR,157465,-211626
1970-01-01 00:00:00.000251230,Silver,30063,-50262
1970-01-01 00:00:00.000251230,JPY,14068,-19076
1970-01-01 00:00:00.000260106,10Y UST,-915552,810731
1970-01-01 00:00:00.000260106,SPX,-106088,-30378
1970-01-01 00:00:00.000260106,USD Index,-3831,4398
1970-01-01 00:00:00.000260106,EUR,162812,-215819
1970-01-01 00:00:00.000260106,VIX,-88250,86131
1970-01-01 00:00:00.000260106,BTC,-734,658
1970-01-01 00:00:00.000260106,JPY,8815,-12168
1970-01-01 00:00:00.000260106,Russell 2000,-2103,-11469
1970-01-01 00:00:00.000260106,AUD,-18960,-3243
1970-01-01 00:00:00.000260106,Nasdaq,32586,-51645
1970-01-01 00:00:00.000260106,GBP,-30538,29238
1970-01-01 00:00:00.000260106,CHF,-40266,41397
1970-01-01 00:00:00.000260106,Crude Oil,57352,-70766
1970-01-01 00:00:00.000260106,Cocoa,3230,-2618
1970-01-01 00:00:00.000260106,Sugar,-154098,160216
1970-01-01 00:00:00.000260106,Coffee,30536,-31623
1970-01-01 00:00:00.000260106,Silver,29271,-51691
1970-01-01 00:00:00.000260106,Copper,57858,-72014
1970-01-01 00:00:00.000260106,Gold,227632,-272035
1970-01-01 00:00:00.000260106,CAD,-40585,36062
1970-01-01 00:00:00.000260106,Wheat,-88091,84970
1970-01-01 00:00:00.000260106,Corn,60112,-41853
1970-01-01 00:00:00.000260106,Soybeans,104770,-90315
1970-01-01 00:00:00.000260113,AUD,-18846,-3610
1970-01-01 00:00:00.000260113,Russell 2000,11437,-24387
1970-01-01 00:00:00.000260113,Cocoa,-9496,12095
1970-01-01 00:00:00.000260113,Nasdaq,29141,-44705
1970-01-01 00:00:00.000260113,Crude Oil,58128,-65450
1970-01-01 00:00:00.000260113,10Y UST,-870505,785650
1970-01-01 00:00:00.000260113,Sugar,-165711,176273
1970-01-01 00:00:00.000260113,Coffee,32752,-34127
1970-01-01 00:00:00.000260113,SPX,-122127,-16500
1970-01-01 00:00:00.000260113,Wheat,-86025,84878
1970-01-01 00:00:00.000260113,EUR,132656,-179767
1970-01-01 00:00:00.000260113,USD Index,-3730,3739
1970-01-01 00:00:00.000260113,JPY,-45164,45819
1970-01-01 00:00:00.000260113,GBP,-25270,25504
1970-01-01 00:00:00.000260113,CHF,-43392,47163
1970-01-01 00:00:00.000260113,CAD,-42250,45815
1970-01-01 00:00:00.000260113,Gold,251238,-297106
1970-01-01 00:00:00.000260113,Copper,53441,-68962
1970-01-01 00:00:00.000260113,Silver,32060,-55292
1970-01-01 00:00:00.000260113,BTC,69,-134
1970-01-01 00:00:00.000260113,VIX,-92363,89774
1970-01-01 00:00:00.000260113,Corn,-33423,48923
1970-01-01 00:00:00.000260113,Soybeans,58947,-39485
1970-01-01 00:00:00.000260120,Nasdaq,21134,-34387
1970-01-01 00:00:00.000260120,Cocoa,-17874,18722
1970-01-01 00:00:00.000260120,Crude Oil,78792,-97047
1970-01-01 00:00:00.000260120,Sugar,-178348,190230
1970-01-01 00:00:00.000260120,VIX,-89223,89327
1970-01-01 00:00:00.000260120,BTC,298,-445
1970-01-01 00:00:00.000260120,SPX,-81776,-41923
1970-01-01 00:00:00.000260120,AUD,-14011,-11787
1970-01-01 00:00:00.000260120,Silver,25214,-46389
1970-01-01 00:00:00.000260120,Coffee,29763,-30151
1970-01-01 00:00:00.000260120,Copper,52575,-69186
1970-01-01 00:00:00.000260120,CAD,-41785,45990
1970-01-01 00:00:00.000260120,EUR,111695,-155596
1970-01-01 00:00:00.000260120,USD Index,-6418,6305
1970-01-01 00:00:00.000260120,JPY,-44829,41140
1970-01-01 00:00:00.000260120,GBP,-21980,17082
1970-01-01 00:00:00.000260120,CHF,-43207,47972
1970-01-01 00:00:00.000260120,Gold,244770,-289689
1970-01-01 00:00:00.000260120,Soybeans,58129,-39788
1970-01-01 00:00:00.000260120,10Y UST,-655640,573096
1970-01-01 00:00:00.000260120,Wheat,-93730,90844
1970-01-01 00:00:00.000260120,Corn,-51704,68044
1970-01-01 00:00:00.000260120,Russell 2000,20563,-31654
1970-01-01 00:00:00.000260127,Wheat,-79390,77363
1970-01-01 00:00:00.000260127,Soybeans,57431,-37074
1970-01-01 00:00:00.000260127,SPX,-99787,-28130
1970-01-01 00:00:00.000260127,10Y UST,-726151,650764
1970-01-01 00:00:00.000260127,Corn,-31671,52691
1970-01-01 00:00:00.000260127,EUR,132134,-181604
1970-01-01 00:00:00.000260127,USD Index,-4405,5087
1970-01-01 00:00:00.000260127,JPY,-33933,26709
1970-01-01 00:00:00.000260127,GBP,-16162,5464
1970-01-01 00:00:00.000260127,CHF,-42893,42406
1970-01-01 00:00:00.000260127,CAD,-16046,13734
1970-01-01 00:00:00.000260127,BTC,690,-585
1970-01-01 00:00:00.000260127,VIX,-74986,69887
1970-01-01 00:00:00.000260127,Crude Oil,96982,-115048
1970-01-01 00:00:00.000260127,Gold,205396,-248285
1970-01-01 00:00:00.000260127,Copper,48390,-64812
1970-01-01 00:00:00.000260127,Silver,23703,-44056
1970-01-01 00:00:00.000260127,Coffee,32734,-34082
1970-01-01 00:00:00.000260127,Sugar,-167753,176753
1970-01-01 00:00:00.000260127,Cocoa,-15502,16293
1970-01-01 00:00:00.000260127,Russell 2000,12327,-26381
1970-01-01 00:00:00.000260127,Nasdaq,28155,-41560
1970-01-01 00:00:00.000260127,AUD,7146,-28309
1970-01-01 00:00:00.000260203,BTC,1008,-968
1970-01-01 00:00:00.000260203,AUD,26118,-48060
1970-01-01 00:00:00.000260203,Russell 2000,4298,-19434
1970-01-01 00:00:00.000260203,Corn,-34698,52916
1970-01-01 00:00:00.000260203,SPX,-132941,11292
1970-01-01 00:00:00.000260203,10Y UST,-729414,664990
1970-01-01 00:00:00.000260203,CHF,-40717,39012
1970-01-01 00:00:00.000260203,CAD,2130,-7916
1970-01-01 00:00:00.000260203,VIX,-80635,79709
1970-01-01 00:00:00.000260203,Copper,47814,-62551
1970-01-01 00:00:00.000260203,Sugar,-210289,236034
1970-01-01 00:00:00.000260203,Coffee,18364,-18837
1970-01-01 00:00:00.000260203,Cocoa,-14508,13961
1970-01-01 00:00:00.000260203,Nasdaq,14187,-27210
1970-01-01 00:00:00.000260203,Gold,165604,-207778
1970-01-01 00:00:00.000260203,Silver,25877,-45725
1970-01-01 00:00:00.000260203,EUR,163361,-218541
1970-01-01 00:00:00.000260203,Wheat,-65496,67064
1970-01-01 00:00:00.000260203,Soybeans,64167,-43272
1970-01-01 00:00:00.000260203,USD Index,-852,1529
1970-01-01 00:00:00.000260203,JPY,-19222,14417
1970-01-01 00:00:00.000260203,GBP,-13911,7064
1970-01-01 00:00:00.000260203,Crude Oil,124565,-152499
1970-01-01 00:00:00.000260210,CAD,13276,-20188
1970-01-01 00:00:00.000260210,Copper,45873,-60792
1970-01-01 00:00:00.000260210,EUR,180305,-235779
1970-01-01 00:00:00.000260210,CHF,-42259,37689
1970-01-01 00:00:00.000260210,Gold,160012,-197738
1970-01-01 00:00:00.000260210,JPY,-19106,12679
1970-01-01 00:00:00.000260210,USD Index,-729,2117
1970-01-01 00:00:00.000260210,GBP,-25810,15116
1970-01-01 00:00:00.000260210,SPX,-105129,-12879
1970-01-01 00:00:00.000260210,Crude Oil,117814,-155866
1970-01-01 00:00:00.000260210,AUD,33209,-59136
1970-01-01 00:00:00.000260210,BTC,1017,-1117
1970-01-01 00:00:00.000260210,Russell 2000,7061,-21710
1970-01-01 00:00:00.000260210,VIX,-65088,65737
1970-01-01 00:00:00.000260210,Nasdaq,13360,-23184
1970-01-01 00:00:00.000260210,Sugar,-235401,258409
1970-01-01 00:00:00.000260210,10Y UST,-813027,727217
1970-01-01 00:00:00.000260210,Coffee,13931,-14359
1970-01-01 00:00:00.000260210,Silver,22955,-42163
1970-01-01 00:00:00.000260210,Cocoa,-18946,17593
1970-01-01 00:00:00.000260210,Wheat,-71258,71891
1970-01-01 00:00:00.000260210,Corn,-18330,37338
1970-01-01 00:00:00.000260210,Soybeans,146334,-118907
1970-01-01 00:00:00.000260217,AUD,45931,-73989
1970-01-01 00:00:00.000260217,GBP,-42404,37654
1970-01-01 00:00:00.000260217,Soybeans,191791,-157771
1970-01-01 00:00:00.000260217,Coffee,12860,-12616
1970-01-01 00:00:00.000260217,Russell 2000,-7086,-7403
1970-01-01 00:00:00.000260217,USD Index,328,694
1970-01-01 00:00:00.000260217,BTC,1638,-1707
1970-01-01 00:00:00.000260217,Wheat,-55058,58384
1970-01-01 00:00:00.000260217,JPY,12955,-16168
1970-01-01 00:00:00.000260217,Copper,59331,-73886
1970-01-01 00:00:00.000260217,Cocoa,-17618,17159
1970-01-01 00:00:00.000260217,Gold,159915,-196782
1970-01-01 00:00:00.000260217,Sugar,-253592,265824
1970-01-01 00:00:00.000260217,Silver,24003,-42347
1970-01-01 00:00:00.000260217,Nasdaq,24410,-31456
1970-01-01 00:00:00.000260217,VIX,-71817,73092
1970-01-01 00:00:00.000260217,Crude Oil,141343,-181629
1970-01-01 00:00:00.000260217,CAD,25826,-30374
1970-01-01 00:00:00.000260217,CHF,-40881,38596
1970-01-01 00:00:00.000260217,10Y UST,-877853,806961
1970-01-01 00:00:00.000260217,Corn,-7835,25990
1970-01-01 00:00:00.000260217,SPX,-177831,48889
1970-01-01 00:00:00.000260217,EUR,174480,-227677
1970-01-01 00:00:00.000260224,Corn,8828,12455
1970-01-01 00:00:00.000260224,Gold,159177,-200806
1970-01-01 00:00:00.000260224,Nasdaq,10787,-17238
1970-01-01 00:00:00.000260224,Silver,22260,-41080
1970-01-01 00:00:00.000260224,Copper,58440,-72348
1970-01-01 00:00:00.000260224,JPY,11539,-14729
1970-01-01 00:00:00.000260224,GBP,-57072,56176
1970-01-01 00:00:00.000260224,USD Index,-1789,2582
1970-01-01 00:00:00.000260224,CAD,27578,-30260
1970-01-01 00:00:00.000260224,Coffee,12814,-12974
1970-01-01 00:00:00.000260224,CHF,-41186,40007
1970-01-01 00:00:00.000260224,Soybeans,210272,-175528
1970-01-01 00:00:00.000260224,Crude Oil,172712,-216783
1970-01-01 00:00:00.000260224,Sugar,-246123,259739
1970-01-01 00:00:00.000260224,10Y UST,-774020,766819
1970-01-01 00:00:00.000260224,AUD,52644,-77313
1970-01-01 00:00:00.000260224,Cocoa,-13280,12107
1970-01-01 00:00:00.000260224,Russell 2000,-2931,-9124
1970-01-01 00:00:00.000260224,VIX,-54863,59614
1970-01-01 00:00:00.000260224,SPX,-193483,71496
1970-01-01 00:00:00.000260224,EUR,156856,-210903
1970-01-01 00:00:00.000260224,BTC,1172,-1120
1970-01-01 00:00:00.000260224,Wheat,-16088,20361
1970-01-01 00:00:00.000260303,Sugar,-245034,251319
1970-01-01 00:00:00.000260303,VIX,-55743,59878
1970-01-01 00:00:00.000260303,Cocoa,-17830,16480
1970-01-01 00:00:00.000260303,Corn,90059,-59782
1970-01-01 00:00:00.000260303,EUR,136498,-184593
1970-01-01 00:00:00.000260303,Crude Oil,172150,-222327
1970-01-01 00:00:00.000260303,AUD,67762,-89249
1970-01-01 00:00:00.000260303,BTC,1011,-862
1970-01-01 00:00:00.000260303,Russell 2000,-6822,116
1970-01-01 00:00:00.000260303,10Y UST,-654507,620305
1970-01-01 00:00:00.000260303,SPX,-168216,71672
1970-01-01 00:00:00.000260303,Nikkei,255,-1584
1970-01-01 00:00:00.000260303,Wheat,-26008,27472
1970-01-01 00:00:00.000260303,Gold,160145,-200583
1970-01-01 00:00:00.000260303,Soybeans,221902,-188859
1970-01-01 00:00:00.000260303,GBP,-72686,77305
1970-01-01 00:00:00.000260303,JPY,-16575,15007
1970-01-01 00:00:00.000260303,CAD,21050,-24056
1970-01-01 00:00:00.000260303,Coffee,10800,-10840
1970-01-01 00:00:00.000260303,Nasdaq,2386,-1875
1970-01-01 00:00:00.000260303,Silver,23338,-39966
1970-01-01 00:00:00.000260303,USD Index,-4989,5223
1970-01-01 00:00:00.000260303,Copper,57681,-69744
1970-01-01 00:00:00.000260303,CHF,-41283,43280
1970-01-01 00:00:00.000260310,Russell 2000,-27638,20353
1970-01-01 00:00:00.000260310,AUD,54197,-82185
1970-01-01 00:00:00.000260310,BTC,1302,-1322
1970-01-01 00:00:00.000260310,Wheat,-29165,29418
1970-01-01 00:00:00.000260310,Soybeans,230268,-195615
1970-01-01 00:00:00.000260310,Corn,257781,-209182
1970-01-01 00:00:00.000260310,10Y UST,-534883,497251
1970-01-01 00:00:00.000260310,SPX,-134505,57122
1970-01-01 00:00:00.000260310,Gold,163132,-202976
1970-01-01 00:00:00.000260310,Cocoa,-20850,19046
1970-01-01 00:00:00.000260310,Silver,24578,-41577
1970-01-01 00:00:00.000260310,VIX,-42835,42293
1970-01-01 00:00:00.000260310,Nasdaq,24929,-24766
1970-01-01 00:00:00.000260310,USD Index,-5882,5249
1970-01-01 00:00:00.000260310,Copper,51666,-62633
1970-01-01 00:00:00.000260310,CAD,36159,-44360
1970-01-01 00:00:00.000260310,CHF,-41092,44981
1970-01-01 00:00:00.000260310,JPY,-41387,45970
1970-01-01 00:00:00.000260310,Crude Oil,228015,-276447
1970-01-01 00:00:00.000260310,Sugar,-208755,206664
1970-01-01 00:00:00.000260310,GBP,-84197,86911
1970-01-01 00:00:00.000260310,EUR,105144,-145419
1970-01-01 00:00:00.000260310,Coffee,14989,-15234
1970-01-01 00:00:00.000260317,SPX,-113057,19120
1970-01-01 00:00:00.000260317,10Y UST,-597878,550787
1970-01-01 00:00:00.000260317,CAD,886,-6206
1970-01-01 00:00:00.000260317,GBP,-65515,70330
1970-01-01 00:00:00.000260317,Crude Oil,218688,-262629
1970-01-01 00:00:00.000260317,CHF,-25213,29602
1970-01-01 00:00:00.000260317,Nasdaq,24082,-27334
1970-01-01 00:00:00.000260317,VIX,-46401,42662
1970-01-01 00:00:00.000260317,Silver,21881,-38358
1970-01-01 00:00:00.000260317,Cocoa,-17859,17491
1970-01-01 00:00:00.000260317,Sugar,-207755,200068
1970-01-01 00:00:00.000260317,Coffee,18594,-19064
1970-01-01 00:00:00.000260317,Copper,48044,-59434
1970-01-01 00:00:00.000260317,Corn,312342,-255623
1970-01-01 00:00:00.000260317,Gold,159869,-198648
1970-01-01 00:00:00.000260317,BTC,1773,-1862
1970-01-01 00:00:00.000260317,USD Index,3693,-4957
1970-01-01 00:00:00.000260317,JPY,-67780,70002
1970-01-01 00:00:00.000260317,Russell 2000,-33508,31973
1970-01-01 00:00:00.000260317,Wheat,-25668,24589
1970-01-01 00:00:00.000260317,AUD,69061,-93772
1970-01-01 00:00:00.000260317,Soybeans,221066,-190501
1970-01-01 00:00:00.000260317,EUR,21132,-58433
1970-01-01 00:00:00.000260324,Russell 2000,-27290,26313
1970-01-01 00:00:00.000260324,USD Index,3617,-4615
1970-01-01 00:00:00.000260324,Gold,168327,-203828
1970-01-01 00:00:00.000260324,SPX,-80891,-3321
1970-01-01 00:00:00.000260324,VIX,-24975,21958
1970-01-01 00:00:00.000260324,BTC,2106,-1949
1970-01-01 00:00:00.000260324,Sugar,-95804,76329
1970-01-01 00:00:00.000260324,EUR,9279,-46758
1970-01-01 00:00:00.000260324,AUD,70872,-94367
1970-01-01 00:00:00.000260324,Coffee,25424,-26309
1970-01-01 00:00:00.000260324,Nasdaq,6623,-10817
1970-01-01 00:00:00.000260324,Corn,375360,-314222
1970-01-01 00:00:00.000260324,Copper,37537,-46288
1970-01-01 00:00:00.000260324,Silver,24673,-40288
1970-01-01 00:00:00.000260324,Cocoa,-20116,19816
1970-01-01 00:00:00.000260324,CHF,-27097,31364
1970-01-01 00:00:00.000260324,Wheat,-17088,16349
1970-01-01 00:00:00.000260324,Soybeans,215210,-182268
1970-01-01 00:00:00.000260324,JPY,-62806,57901
1970-01-01 00:00:00.000260324,CAD,-1602,-1371
1970-01-01 00:00:00.000260324,10Y UST,-641887,600134
1970-01-01 00:00:00.000260324,GBP,-58422,61187
1970-01-01 00:00:00.000260324,Crude Oil,233620,-267010
1970-01-01 00:00:00.000260331,EUR,507,-36991
1970-01-01 00:00:00.000260331,Nasdaq,20600,-21908
1970-01-01 00:00:00.000260331,Cocoa,-21601,19366
1970-01-01 00:00:00.000260331,Soybeans,227846,-194445
1970-01-01 00:00:00.000260331,Copper,40104,-49809
1970-01-01 00:00:00.000260331,Wheat,-9415,7524
1970-01-01 00:00:00.000260331,Silver,23904,-38857
1970-01-01 00:00:00.000260331,Coffee,25056,-25934
1970-01-01 00:00:00.000260331,GBP,-52665,61408
1970-01-01 00:00:00.000260331,BTC,2253,-1809
1970-01-01 00:00:00.000260331,AUD,81506,-109041
1970-01-01 00:00:00.000260331,Sugar,-65117,49637
1970-01-01 00:00:00.000260331,Crude Oil,213488,-245091
1970-01-01 00:00:00.000260331,JPY,-72872,70707
1970-01-01 00:00:00.000260331,VIX,-31158,33971
1970-01-01 00:00:00.000260331,CAD,-32684,33986
1970-01-01 00:00:00.000260331,10Y UST,-784063,748325
1970-01-01 00:00:00.000260331,SPX,-42479,-32898
1970-01-01 00:00:00.000260331,Gold,163202,-201640
1970-01-01 00:00:00.000260331,Corn,334757,-273643
1970-01-01 00:00:00.000260331,CHF,-29871,35735
1970-01-01 00:00:00.000260331,USD Index,3681,-4930
1970-01-01 00:00:00.000260331,Russell 2000,-17862,15612
1970-01-01 00:00:00.000260407,CAD,-55648,58038
1970-01-01 00:00:00.000260407,Coffee,21707,-21687
1970-01-01 00:00:00.000260407,Sugar,-70753,67254
1970-01-01 00:00:00.000260407,Soybeans,208459,-177172
1970-01-01 00:00:00.000260407,USD Index,5511,-6675
1970-01-01 00:00:00.000260407,CHF,-30694,38686
1970-01-01 00:00:00.000260407,Nasdaq,12525,-9505
1970-01-01 00:00:00.000260407,Copper,40227,-51615
1970-01-01 00:00:00.000260407,EUR,-7541,-33150
1970-01-01 00:00:00.000260407,Gold,156305,-193751
1970-01-01 00:00:00.000260407,GBP,-56354,62698
1970-01-01 00:00:00.000260407,Wheat,-18707,17642
1970-01-01 00:00:00.000260407,Silver,23417,-38915
1970-01-01 00:00:00.000260407,JPY,-93742,90396
1970-01-01 00:00:00.000260407,Corn,290819,-232969
1970-01-01 00:00:00.000260407,Russell 2000,-13975,12210
1970-01-01 00:00:00.000260407,Cocoa,-22072,22199
1970-01-01 00:00:00.000260407,10Y UST,-823624,799342
1970-01-01 00:00:00.000260407,Crude Oil,202153,-230466
1970-01-01 00:00:00.000260407,SPX,-45666,-17528
1970-01-01 00:00:00.000260407,AUD,70813,-97347
1970-01-01 00:00:00.000260407,VIX,-20388,22566
1970-01-01 00:00:00.000260407,BTC,2540,-2232
1970-01-01 00:00:00.000260414,SPX,-115762,45668
1970-01-01 00:00:00.000260414,Coffee,22817,-21935
1970-01-01 00:00:00.000260414,GBP,-54724,59248
1970-01-01 00:00:00.000260414,JPY,-83208,81048
1970-01-01 00:00:00.000260414,VIX,-24304,23022
1970-01-01 00:00:00.000260414,Crude Oil,206541,-246935
1970-01-01 00:00:00.000260414,BTC,2193,-2043
1970-01-01 00:00:00.000260414,AUD,65075,-90816
1970-01-01 00:00:00.000260414,CHF,-34097,40708
1970-01-01 00:00:00.000260414,CAD,-78272,78377
1970-01-01 00:00:00.000260414,Soybeans,201722,-173003
1970-01-01 00:00:00.000260414,10Y UST,-800365,757957
1970-01-01 00:00:00.000260414,Sugar,-134969,133442
1970-01-01 00:00:00.000260414,Cocoa,-22594,21615
1970-01-01 00:00:00.000260414,Copper,55109,-64141
1970-01-01 00:00:00.000260414,EUR,26018,-62532
1970-01-01 00:00:00.000260414,Russell 2000,-9334,6690
1970-01-01 00:00:00.000260414,Silver,23562,-40133
1970-01-01 00:00:00.000260414,Nasdaq,10821,-11101
1970-01-01 00:00:00.000260414,USD Index,5170,-5405
1970-01-01 00:00:00.000260414,Wheat,-18366,16252
1970-01-01 00:00:00.000260414,Gold,162526,-201082
1970-01-01 00:00:00.000260414,Corn,248881,-202187
1970-01-01 00:00:00.000260421,USD Index,4983,-5814
1970-01-01 00:00:00.000260421,AUD,64817,-93198
1970-01-01 00:00:00.000260421,JPY,-94460,95467
1970-01-01 00:00:00.000260421,Russell 2000,-15897,12181
1970-01-01 00:00:00.000260421,EUR,41324,-83663
1970-01-01 00:00:00.000260421,GBP,-52039,56839
1970-01-01 00:00:00.000260421,BTC,2071,-2250
1970-01-01 00:00:00.000260421,Crude Oil,192302,-226711
1970-01-01 00:00:00.000260421,Soybeans,211146,-182906
1970-01-01 00:00:00.000260421,Corn,263732,-208245
1970-01-01 00:00:00.000260421,Nasdaq,9439,-13892
1970-01-01 00:00:00.000260421,Cocoa,-19423,17820
1970-01-01 00:00:00.000260421,Wheat,-25537,23985
1970-01-01 00:00:00.000260421,Copper,59204,-69335
1970-01-01 00:00:00.000260421,Silver,23720,-40985
1970-01-01 00:00:00.000260421,Gold,164006,-202940
1970-01-01 00:00:00.000260421,SPX,-110106,18347
1970-01-01 00:00:00.000260421,Sugar,-155841,152843
1970-01-01 00:00:00.000260421,CHF,-33273,42255
1970-01-01 00:00:00.000260421,VIX,-27262,28247
1970-01-01 00:00:00.000260421,Coffee,19287,-18586
1970-01-01 00:00:00.000260421,10Y UST,-790971,726889
1970-01-01 00:00:00.000260421,CAD,-58834,59221
1970-01-01 00:00:00.000260428,BTC,2392,-2332
1970-01-01 00:00:00.000260428,Nasdaq,-2322,-1994
1970-01-01 00:00:00.000260428,Russell 2000,-17088,14843
1970-01-01 00:00:00.000260428,VIX,-27842,28374
1970-01-01 00:00:00.000260428,Coffee,25026,-25028
1970-01-01 00:00:00.000260428,Sugar,-143951,135289
1970-01-01 00:00:00.000260428,EUR,35712,-75137
1970-01-01 00:00:00.000260428,Wheat,866,-3033
1970-01-01 00:00:00.000260428,Silver,24160,-40452
1970-01-01 00:00:00.000260428,AUD,71869,-97385
1970-01-01 00:00:00.000260428,Copper,63281,-72029
1970-01-01 00:00:00.000260428,CAD,-38476,37143
1970-01-01 00:00:00.000260428,SPX,-101440,8951
1970-01-01 00:00:00.000260428,Crude Oil,191911,-219654
1970-01-01 00:00:00.000260428,CHF,-35221,42729
1970-01-01 00:00:00.000260428,Soybeans,193939,-166179
1970-01-01 00:00:00.000260428,GBP,-60639,64120
1970-01-01 00:00:00.000260428,Gold,159571,-194813
1970-01-01 00:00:00.000260428,USD Index,4508,-5404
1970-01-01 00:00:00.000260428,Cocoa,-23643,22264
1970-01-01 00:00:00.000260428,JPY,-102059,99270
1970-01-01 00:00:00.000260428,Corn,340740,-282129
1970-01-01 00:00:00.000260428,10Y UST,-839137,747920
1970-01-01 00:00:00.000260505,Cocoa,-20234,18225
1970-01-01 00:00:00.000260505,Crude Oil,178786,-206150
1970-01-01 00:00:00.000260505,Soybeans,232198,-204545
1970-01-01 00:00:00.000260505,SPX,-103885,16362
1970-01-01 00:00:00.000260505,VIX,-24683,26484
1970-01-01 00:00:00.000260505,BTC,1441,-1539
1970-01-01 00:00:00.000260505,CAD,-14659,12794
1970-01-01 00:00:00.000260505,Gold,163303,-198935
1970-01-01 00:00:00.000260505,Copper,62849,-72017
1970-01-01 00:00:00.000260505,Silver,23892,-40535
1970-01-01 00:00:00.000260505,Coffee,27625,-28056
1970-01-01 00:00:00.000260505,Sugar,-95519,84974
1970-01-01 00:00:00.000260505,CHF,-34521,42861
1970-01-01 00:00:00.000260505,EUR,32202,-73379
1970-01-01 00:00:00.000260505,USD Index,693,-1569
1970-01-01 00:00:00.000260505,GBP,-63908,65684
1970-01-01 00:00:00.000260505,JPY,-61738,59650
1970-01-01 00:00:00.000260505,AUD,78674,-105545
1970-01-01 00:00:00.000260505,Russell 2000,-9149,7111
1970-01-01 00:00:00.000260505,10Y UST,-815269,747343
1970-01-01 00:00:00.000260505,Wheat,-16668,8425
1970-01-01 00:00:00.000260505,Corn,433384,-368848
1970-01-01 00:00:00.000260505,Nasdaq,1221,-6453
1970-01-01 00:00:00.000260512,BTC,1259,-2160
1970-01-01 00:00:00.000260512,VIX,-48961,49054
1970-01-01 00:00:00.000260512,Cocoa,-12981,11896
1970-01-01 00:00:00.000260512,Crude Oil,169877,-196134
1970-01-01 00:00:00.000260512,EUR,40200,-79054
1970-01-01 00:00:00.000260512,CAD,-16242,13717
1970-01-01 00:00:00.000260512,CHF,-36197,44280
1970-01-01 00:00:00.000260512,GBP,-43059,44651
1970-01-01 00:00:00.000260512,JPY,-75102,74143
1970-01-01 00:00:00.000260512,USD Index,3187,-4655
1970-01-01 00:00:00.000260512,Corn,383537,-259956
1970-01-01 00:00:00.000260512,Sugar,-97418,86059
1970-01-01 00:00:00.000260512,Coffee,21059,-20650
1970-01-01 00:00:00.000260512,Silver,26111,-43646
1970-01-01 00:00:00.000260512,Copper,76309,-87143
1970-01-01 00:00:00.000260512,10Y UST,-781167,733743
1970-01-01 00:00:00.000260512,Gold,171622,-210258
1970-01-01 00:00:00.000260512,Soybeans,224002,-188103
1970-01-01 00:00:00.000260512,SPX,-143835,47812
1970-01-01 00:00:00.000260512,Russell 2000,-13115,9987
1970-01-01 00:00:00.000260512,Wheat,-14421,12489
1970-01-01 00:00:00.000260512,AUD,84990,-111803
1970-01-01 00:00:00.000260512,Nasdaq,-15985,12263
1970-01-01 00:00:00.000260519,AUD,85644,-109572
1970-01-01 00:00:00.000260519,10Y UST,-848052,786275
1970-01-01 00:00:00.000260519,Wheat,263,-1992
1970-01-01 00:00:00.000260519,Russell 2000,-21048,15510
1970-01-01 00:00:00.000260519,Crude Oil,172580,-200409
1970-01-01 00:00:00.000260519,Nasdaq,-1420,-4033
1970-01-01 00:00:00.000260519,Corn,358102,-288625
1970-01-01 00:00:00.000260519,VIX,-55769,53251
1970-01-01 00:00:00.000260519,GBP,-64307,68698
1970-01-01 00:00:00.000260519,JPY,-93905,90766
1970-01-01 00:00:00.000260519,EUR,33513,-66535
1970-01-01 00:00:00.000260519,BTC,2112,-2272
1970-01-01 00:00:00.000260519,SPX,-140605,38808
1970-01-01 00:00:00.000260519,USD Index,-479,-1551
1970-01-01 00:00:00.000260519,Sugar,-78909,71445
1970-01-01 00:00:00.000260519,Silver,24671,-42668
1970-01-01 00:00:00.000260519,Cocoa,-15488,14704
1970-01-01 00:00:00.000260519,Coffee,15960,-15381
1970-01-01 00:00:00.000260519,CHF,-36937,46775
1970-01-01 00:00:00.000260519,CAD,-31231,35724
1970-01-01 00:00:00.000260519,Soybeans,212238,-183266
1970-01-01 00:00:00.000260519,Gold,159833,-191629
1970-01-01 00:00:00.000260519,Copper,75886,-85499
1970-01-01 00:00:00.000260526,Corn,302002,-231519
1970-01-01 00:00:00.000260526,10Y UST,-787954,496185
1970-01-01 00:00:00.000260526,CAD,-68882,71845
1970-01-01 00:00:00.000260526,CHF,-35140,45171
1970-01-01 00:00:00.000260526,GBP,-61398,63548
1970-01-01 00:00:00.000260526,JPY,-114667,107692
1970-01-01 00:00:00.000260526,USD Index,850,-2413
1970-01-01 00:00:00.000260526,Gold,154260,-185766
1970-01-01 00:00:00.000260526,Sugar,-79750,78292
1970-01-01 00:00:00.000260526,Coffee,16631,-16766
1970-01-01 00:00:00.000260526,Silver,22223,-40893
1970-01-01 00:00:00.000260526,Copper,73040,-83712
1970-01-01 00:00:00.000260526,EUR,29426,-65524
1970-01-01 00:00:00.000260526,BTC,2282,-2390
1970-01-01 00:00:00.000260526,VIX,-54484,57230
1970-01-01 00:00:00.000260526,SPX,-165831,54929
1970-01-01 00:00:00.000260526,Cocoa,-16240,15291
1970-01-01 00:00:00.000260526,Nasdaq,-6085,-562
1970-01-01 00:00:00.000260526,Wheat,-9458,7530
1970-01-01 00:00:00.000260526,Russell 2000,-15929,10085
1970-01-01 00:00:00.000260526,AUD,60155,-80432
1970-01-01 00:00:00.000260526,Crude Oil,160998,-195473
1970-01-01 00:00:00.000260526,Soybeans,204675,-176610
1970-01-01 00:00:00.000260602,Cocoa,-17312,17227
1970-01-01 00:00:00.000260602,Crude Oil,155874,-188109
1970-01-01 00:00:00.000260602,Nasdaq,-14949,13812
1970-01-01 00:00:00.000260602,Russell 2000,-14924,11921
1970-01-01 00:00:00.000260602,10Y UST,-829575,821742
1970-01-01 00:00:00.000260602,AUD,41812,-60773
1970-01-01 00:00:00.000260602,Wheat,-40762,38439
1970-01-01 00:00:00.000260602,Corn,199942,-111394
1970-01-01 00:00:00.000260602,Soybeans,187784,-164890
1970-01-01 00:00:00.000260602,VIX,-69952,72673
1970-01-01 00:00:00.000260602,SPX,-220768,110074
1970-01-01 00:00:00.000260602,JPY,-129567,127768
1970-01-01 00:00:00.000260602,Gold,176020,-206345
1970-01-01 00:00:00.000260602,CHF,-32909,44829
1970-01-01 00:00:00.000260602,CAD,-94111,99606
1970-01-01 00:00:00.000260602,GBP,-52218,61093
1970-01-01 00:00:00.000260602,EUR,48866,-69396
1970-01-01 00:00:00.000260602,Coffee,13388,-13505
1970-01-01 00:00:00.000260602,Sugar,-107163,106699
1970-01-01 00:00:00.000260602,BTC,2458,-2595
1970-01-01 00:00:00.000260602,USD Index,3758,-5402
1970-01-01 00:00:00.000260602,Silver,23926,-42661
1970-01-01 00:00:00.000260602,Copper,78833,-88645
1970-01-01 00:00:00.000260609,AUD,18160,-36669
1970-01-01 00:00:00.000260609,Russell 2000,-37966,34081
1970-01-01 00:00:00.000260609,10Y UST,-863807,864695
1970-01-01 00:00:00.000260609,BTC,3018,-2906
1970-01-01 00:00:00.000260609,VIX,-74420,72459
1970-01-01 00:00:00.000260609,Nasdaq,-1349,-720
1970-01-01 00:00:00.000260609,JPY,-145818,142369
1970-01-01 00:00:00.000260609,Crude Oil,130301,-170726
1970-01-01 00:00:00.000260609,Copper,74450,-83935
1970-01-01 00:00:00.000260609,Gold,173837,-201036
1970-01-01 00:00:00.000260609,Sugar,-105058,106415
1970-01-01 00:00:00.000260609,Cocoa,-23497,24426
1970-01-01 00:00:00.000260609,Silver,22214,-40368
1970-01-01 00:00:00.000260609,Coffee,6176,-5785
1970-01-01 00:00:00.000260609,USD Index,1384,-3599
1970-01-01 00:00:00.000260609,SPX,-205644,90660
1970-01-01 00:00:00.000260609,Soybeans,150463,-122120
1970-01-01 00:00:00.000260609,EUR,13932,-38085
1970-01-01 00:00:00.000260609,CHF,-36665,49741
1970-01-01 00:00:00.000260609,CAD,-119999,128812
1970-01-01 00:00:00.000260609,GBP,-64213,75870
1970-01-01 00:00:00.000260609,Wheat,-57853,56192
1970-01-01 00:00:00.000260609,Corn,103559,-53122
1970-01-01 00:00:00.000260616,VIX,-66739,66257
1970-01-01 00:00:00.000260616,Gold,180220,-207563
1970-01-01 00:00:00.000260616,Copper,75350,-84408
1970-01-01 00:00:00.000260616,Coffee,9206,-8489
1970-01-01 00:00:00.000260616,Cocoa,-20880,19986
1970-01-01 00:00:00.000260616,Sugar,-116696,119839
1970-01-01 00:00:00.000260616,USD Index,13197,-15127
1970-01-01 00:00:00.000260616,Silver,24544,-42318
1970-01-01 00:00:00.000260616,Wheat,-50812,51249
1970-01-01 00:00:00.000260616,Soybeans,117608,-89645
1970-01-01 00:00:00.000260616,AUD,-4125,-13084
1970-01-01 00:00:00.000260616,CHF,-40058,53777
1970-01-01 00:00:00.000260616,SPX,-193978,60203
1970-01-01 00:00:00.000260616,Corn,77844,-32471
1970-01-01 00:00:00.000260616,Russell 2000,-20249,9610
1970-01-01 00:00:00.000260616,Crude Oil,124483,-165339
1970-01-01 00:00:00.000260616,10Y UST,-911082,891331
1970-01-01 00:00:00.000260616,BTC,3475,-3545
1970-01-01 00:00:00.000260616,EUR,34353,-61889
1970-01-01 00:00:00.000260616,JPY,-150132,151380
1970-01-01 00:00:00.000260616,GBP,-71585,79925
1970-01-01 00:00:00.000260616,Nasdaq,-8908,4087
1970-01-01 00:00:00.000260616,CAD,-132901,143406
1970-01-01 00:00:00.000260623,Cocoa,-19789,18611
1970-01-01 00:00:00.000260623,Crude Oil,114633,-152606
1970-01-01 00:00:00.000260623,Soybeans,100844,-72656
1970-01-01 00:00:00.000260623,Nasdaq,-9144,519
1970-01-01 00:00:00.000260623,BTC,3524,-3253
1970-01-01 00:00:00.000260623,USD Index,12928,-16246
1970-01-01 00:00:00.000260623,Copper,71620,-80478
1970-01-01 00:00:00.000260623,Gold,181339,-205404
1970-01-01 00:00:00.000260623,JPY,-146104,142381
1970-01-01 00:00:00.000260623,AUD,-13012,-863
1970-01-01 00:00:00.000260623,Corn,58333,-16495
1970-01-01 00:00:00.000260623,10Y UST,-835266,826194
1970-01-01 00:00:00.000260623,Russell 2000,-26838,17172
1970-01-01 00:00:00.000260623,GBP,-105719,123431
1970-01-01 00:00:00.000260623,CAD,-146792,155789
1970-01-01 00:00:00.000260623,SPX,-35448,-87130
1970-01-01 00:00:00.000260623,CHF,-41094,56495
1970-01-01 00:00:00.000260623,Coffee,15053,-14998
1970-01-01 00:00:00.000260623,VIX,-66774,68843
1970-01-01 00:00:00.000260623,Wheat,-48411,48644
1970-01-01 00:00:00.000260623,Sugar,-134422,137111
1970-01-01 00:00:00.000260623,EUR,30158,-57183
1970-01-01 00:00:00.000260623,Silver,23751,-40240
1970-01-01 00:00:00.000260630,Sugar,-96730,93717
1970-01-01 00:00:00.000260630,SPX,-37592,-87734
1970-01-01 00:00:00.000260630,CHF,-38958,53754
1970-01-01 00:00:00.000260630,EUR,1099,-24679
1970-01-01 00:00:00.000260630,GBP,-102147,121297
1970-01-01 00:00:00.000260630,Cocoa,-14460,13187
1970-01-01 00:00:00.000260630,Gold,194019,-221070
1970-01-01 00:00:00.000260630,USD Index,13016,-16254
1970-01-01 00:00:00.000260630,Copper,64788,-73094
1970-01-01 00:00:00.000260630,Silver,27368,-41325
1970-01-01 00:00:00.000260630,JPY,-155092,148087
1970-01-01 00:00:00.000260630,CAD,-150806,159327
1970-01-01 00:00:00.000260630,Coffee,20531,-20776
1970-01-01 00:00:00.000260630,VIX,-58486,60706
1970-01-01 00:00:00.000260630,BTC,3770,-3536
1970-01-01 00:00:00.000260630,Corn,64177,-34879
1970-01-01 00:00:00.000260630,Nasdaq,-7604,2252
1970-01-01 00:00:00.000260630,Soybeans,76627,-47183
1970-01-01 00:00:00.000260630,Wheat,-55004,58294
1970-01-01 00:00:00.000260630,10Y UST,-808891,789382
1970-01-01 00:00:00.000260630,AUD,-17700,1634
1970-01-01 00:00:00.000260630,Crude Oil,110531,-140148
1970-01-01 00:00:00.000260630,Russell 2000,-25568,13870
1970-01-01 00:00:00.000260707,Copper,64272,-73170
1970-01-01 00:00:00.000260707,USD Index,13269,-16238
1970-01-01 00:00:00.000260707,Silver,28015,-43095
1970-01-01 00:00:00.000260707,AUD,-24651,10796
1970-01-01 00:00:00.000260707,CHF,-37414,52179
1970-01-01 00:00:00.000260707,SPX,-42891,-66463
1970-01-01 00:00:00.000260707,GBP,-87903,98366
1970-01-01 00:00:00.000260707,Russell 2000,-31009,21414
1970-01-01 00:00:00.000260707,10Y UST,-814262,793271
1970-01-01 00:00:00.000260707,Nasdaq,2063,-11704
1970-01-01 00:00:00.000260707,Gold,194246,-222282
1970-01-01 00:00:00.000260707,CAD,-173126,181996
1970-01-01 00:00:00.000260707,JPY,-123778,122823
1970-01-01 00:00:00.000260707,Corn,100980,-67654
1970-01-01 00:00:00.000260707,BTC,3500,-3217
1970-01-01 00:00:00.000260707,Wheat,-49730,50894
1970-01-01 00:00:00.000260707,Cocoa,-12729,11372
1970-01-01 00:00:00.000260707,Soybeans,112807,-85585
1970-01-01 00:00:00.000260707,Crude Oil,75749,-104622
1970-01-01 00:00:00.000260707,Sugar,-59273,55415
1970-01-01 00:00:00.000260707,VIX,-64124,67525
1970-01-01 00:00:00.000260707,EUR,-16227,-10024
1970-01-01 00:00:00.000260707,Coffee,25623,-27568
1970-01-01 00:00:00.000260714,Soybeans,125403,-101014
1970-01-01 00:00:00.000260714,JPY,-122663,123418
1970-01-01 00:00:00.000260714,SPX,-38938,-92531
1970-01-01 00:00:00.000260714,VIX,-65783,67107
1970-01-01 00:00:00.000260714,BTC,3091,-2905
1970-01-01 00:00:00.000260714,USD Index,13173,-15834
1970-01-01 00:00:00.000260714,EUR,-12605,-13390
1970-01-01 00:00:00.000260714,GBP,-71253,78244
1970-01-01 00:00:00.000260714,Crude Oil,62683,-85088
1970-01-01 00:00:00.000260714,Wheat,-16339,15634
1970-01-01 00:00:00.000260714,Nasdaq,2721,-8000
1970-01-01 00:00:00.000260714,Corn,131463,-94976
1970-01-01 00:00:00.000260714,Russell 2000,-24680,13081
1970-01-01 00:00:00.000260714,10Y UST,-831675,803589
1970-01-01 00:00:00.000260714,AUD,-30710,12813
1970-01-01 00:00:00.000260714,Silver,25074,-42597
1970-01-01 00:00:00.000260714,Sugar,-62145,58263
1970-01-01 00:00:00.000260714,Copper,64385,-73616
1970-01-01 00:00:00.000260714,CHF,-36956,50511
1970-01-01 00:00:00.000260714,CAD,-176279,186718
1970-01-01 00:00:00.000260714,Gold,186682,-214788
1970-01-01 00:00:00.000260714,Coffee,27827,-29450
1970-01-01 00:00:00.000260714,Cocoa,-10584,9170
1970-01-01 00:00:00.000260721,Nasdaq,4546,-12011
1970-01-01 00:00:00.000260721,SPX,-16784,-106919
1970-01-01 00:00:00.000260721,Wheat,-7009,12187
1970-01-01 00:00:00.000260721,AUD,-37685,16087
1970-01-01 00:00:00.000260721,Russell 2000,-6959,-2718
1970-01-01 00:00:00.000260721,BTC,3054,-2986
1970-01-01 00:00:00.000260721,10Y UST,-879706,890118
1970-01-01 00:00:00.000260721,Gold,183910,-213199
1970-01-01 00:00:00.000260721,VIX,-76861,75398
1970-01-01 00:00:00.000260721,Crude Oil,81689,-108601
1970-01-01 00:00:00.000260721,Soybeans,175646,-152981
1970-01-01 00:00:00.000260721,Copper,73977,-82112
1970-01-01 00:00:00.000260721,GBP,-55561,56299
1970-01-01 00:00:00.000260721,CAD,-174448,187001
1970-01-01 00:00:00.000260721,Coffee,27255,-29089
1970-01-01 00:00:00.000260721,Cocoa,-3907,2157
1970-01-01 00:00:00.000260721,CHF,-34242,48269
1970-01-01 00:00:00.000260721,USD Index,15614,-18347
1970-01-01 00:00:00.000260721,Sugar,-64490,60615
1970-01-01 00:00:00.000260721,Corn,186650,-139254
1970-01-01 00:00:00.000260721,Silver,23465,-40453
1970-01-01 00:00:00.000260721,JPY,-152125,154898
1970-01-01 00:00:00.000260721,EUR,-41338,17975
1970-01-01 00:00:00.000260728,SPX,-17196,-95929
1970-01-01 00:00:00.000260728,Corn,254320,-203931
1970-01-01 00:00:00.000260728,USD Index,17197,-20107
1970-01-01 00:00:00.000260728,JPY,-163412,158025
1970-01-01 00:00:00.000260728,GBP,-64814,72810
1970-01-01 00:00:00.000260728,Silver,22217,-38809
1970-01-01 00:00:00.000260728,Copper,67281,-76161
1970-01-01 00:00:00.000260728,Crude Oil,120108,-158822
1970-01-01 00:00:00.000260728,Sugar,-84629,81203
1970-01-01 00:00:00.000260728,Coffee,27408,-28815
1970-01-01 00:00:00.000260728,Cocoa,-5556,4461
1970-01-01 00:00:00.000260728,Soybeans,211757,-192207
1970-01-01 00:00:00.000260728,CAD,-176310,189021
1970-01-01 00:00:00.000260728,CHF,-33462,47576
1970-01-01 00:00:00.000260728,Gold,182070,-212309
1970-01-01 00:00:00.000260728,VIX,-63413,67389
1970-01-01 00:00:00.000260728,Wheat,-1992,4459
1970-01-01 00:00:00.000260728,AUD,-39964,23499
1970-01-01 00:00:00.000260728,EUR,-72447,51714
1970-01-01 00:00:00.000260728,Nasdaq,4914,-14946
1970-01-01 00:00:00.000260728,Russell 2000,-16269,9421
1970-01-01 00:00:00.000260728,BTC,3904,-3562
1970-01-01 00:00:00.000260728,10Y UST,-876119,890267
1970-01-01 00:00:00.000260804,Crude Oil,112443,-153775
1970-01-01 00:00:00.000260804,Wheat,-14759,16387
1970-01-01 00:00:00.000260804,Cocoa,-2908,1589
1970-01-01 00:00:00.000260804,Russell 2000,-34727,24309
1970-01-01 00:00:00.000260804,10Y UST,-979243,995416
1970-01-01 00:00:00.000260804,AUD,-33190,12324
1970-01-01 00:00:00.000260804,Nasdaq,-14639,15442
1970-01-01 00:00:00.000260804,Corn,255068,-208345
1970-01-01 00:00:00.000260804,Soybeans,175542,-156752
1970-01-01 00:00:00.000260804,GBP,-57814,62645
1970-01-01 00:00:00.000260804,Coffee,24855,-27013
1970-01-01 00:00:00.000260804,Silver,22280,-40422
1970-01-01 00:00:00.000260804,Gold,197634,-226491
1970-01-01 00:00:00.000260804,Copper,77123,-86169
1970-01-01 00:00:00.000260804,USD Index,22499,-24626
1970-01-01 00:00:00.000260804,JPY,-45473,50568
1970-01-01 00:00:00.000260804,EUR,-58091,31462
1970-01-01 00:00:00.000260804,BTC,3752,-3332
1970-01-01 00:00:00.000260804,SPX,-27258,-84376
1970-01-01 00:00:00.000260804,Sugar,-68468,59519
1970-01-01 00:00:00.000260804,CHF,-32822,45974
1970-01-01 00:00:00.000260804,VIX,-61109,65590
1970-01-01 00:00:00.000260804,CAD,-179095,187008
1970-01-01 00:00:00.000260811,VIX,-74934,77297
1970-01-01 00:00:00.000260811,JPY,-42085,48769
1970-01-01 00:00:00.000260811,Corn,244912,-198128
1970-01-01 00:00:00.000260811,SPX,11280,-142440
1970-01-01 00:00:00.000260811,Crude Oil,99196,-129637
1970-01-01 00:00:00.000260811,CHF,-32462,44413
1970-01-01 00:00:00.000260811,Gold,217940,-252640
1970-01-01 00:00:00.000260811,GBP,-56221,58887
1970-01-01 00:00:00.000260811,Wheat,-24910,22754
1970-01-01 00:00:00.000260811,CAD,-173362,179686
1970-01-01 00:00:00.000260811,Soybeans,159945,-139634
1970-01-01 00:00:00.000260811,BTC,3865,-3555
1970-01-01 00:00:00.000260811,Silver,23646,-43974
1970-01-01 00:00:00.000260811,Coffee,27179,-29427
1970-01-01 00:00:00.000260811,AUD,-39223,14861
1970-01-01 00:00:00.000260811,10Y UST,-915053,914011
1970-01-01 00:00:00.000260811,Cocoa,-4473,2334
1970-01-01 00:00:00.000260811,Russell 2000,-42304,34430
1970-01-01 00:00:00.000260811,Nasdaq,-39302,17475
1970-01-01 00:00:00.000260811,Copper,80388,-91246
1970-01-01 00:00:00.000260811,Sugar,27387,-55922
1970-01-01 00:00:00.000260811,EUR,-60010,29203
1970-01-01 00:00:00.000260811,USD Index,21409,-23428
1970-01-01 00:00:00.000260818,Russell 2000,-42215,34907
1970-01-01 00:00:00.000260818,VIX,-89446,89322
1970-01-01 00:00:00.000260818,EUR,-59088,24055
1970-01-01 00:00:00.000260818,SPX,-10560,-113553
1970-01-01 00:00:00.000260818,JPY,-52893,61074
1970-01-01 00:00:00.000260818,USD Index,19079,-20676
1970-01-01 00:00:00.000260818,Nasdaq,-10416,-12347
1970-01-01 00:00:00.000260818,AUD,-44159,21466
1970-01-01 00:00:00.000260818,GBP,-54573,50353
1970-01-01 00:00:00.000260818,10Y UST,-946961,914385
1970-01-01 00:00:00.000260818,Corn,302142,-245600
1970-01-01 00:00:00.000260818,Soybeans,190961,-169637
1970-01-01 00:00:00.000260818,BTC,2736,-2448
1970-01-01 00:00:00.000260818,Crude Oil,122090,-153087
1970-01-01 00:00:00.000260818,Wheat,-18765,16381
1970-01-01 00:00:00.000260818,Gold,222189,-258418
1970-01-01 00:00:00.000260818,CHF,-27278,38974
1970-01-01 00:00:00.000260818,Copper,79748,-90140
1970-01-01 00:00:00.000260818,Silver,23625,-44792
1970-01-01 00:00:00.000260818,Sugar,77952,-122988
1970-01-01 00:00:00.000260818,Coffee,30365,-32804
1970-01-01 00:00:00.000260818,Cocoa,-5725,2460
1970-01-01 00:00:00.000260818,CAD,-158166,161379
1970-01-01 00:00:00.000260825,EUR,-36352,440
1970-01-01 00:00:00.000260825,Cocoa,-7673,3579
1970-01-01 00:00:00.000260825,Sugar,110134,-157931
1970-01-01 00:00:00.000260825,Copper,85266,-95049
1970-01-01 00:00:00.000260825,Soybeans,221427,-199936
1970-01-01 00:00:00.000260825,Nasdaq,10039,-37136
1970-01-01 00:00:00.000260825,10Y UST,-838975,775025
1970-01-01 00:00:00.000260825,Russell 2000,-51578,42913
1970-01-01 00:00:00.000260825,AUD,-44455,19074
1970-01-01 00:00:00.000260825,Coffee,30472,-33709
1970-01-01 00:00:00.000260825,Silver,25261,-45053
1970-01-01 00:00:00.000260825,BTC,1949,-1790
1970-01-01 00:00:00.000260825,Crude Oil,123449,-156246
1970-01-01 00:00:00.000260825,GBP,-44524,38663
1970-01-01 00:00:00.000260825,CAD,-121522,123231
1970-01-01 00:00:00.000260825,Corn,440915,-374608
1970-01-01 00:00:00.000260825,CHF,-19946,30513
1970-01-01 00:00:00.000260825,VIX,-78164,78580
1970-01-01 00:00:00.000260825,Wheat,-6779,7475
1970-01-01 00:00:00.000260825,SPX,-67994,-64065
1970-01-01 00:00:00.000260825,USD Index,18682,-19838
1970-01-01 00:00:00.000260825,Gold,243334,-279585
1970-01-01 00:00:00.000260825,JPY,-63298,67837
1970-01-01 00:00:00.000260901,VIX,-84185,79343
1970-01-01 00:00:00.000260901,BTC,703,-1077
1970-01-01 00:00:00.000260901,Wheat,24703,-23736
1970-01-01 00:00:00.000260901,Corn,536743,-476821
1970-01-01 00:00:00.000260901,Crude Oil,129911,-156005
1970-01-01 00:00:00.000260901,GBP,-49575,45803
1970-01-01 00:00:00.000260901,JPY,-92227,97561
1970-01-01 00:00:00.000260901,Copper,80869,-92107
1970-01-01 00:00:00.000260901,Gold,228124,-264718
1970-01-01 00:00:00.000260901,SPX,-75941,-34113
1970-01-01 00:00:00.000260901,CAD,-108143,115282
1970-01-01 00:00:00.000260901,Soybeans,247987,-228742
1970-01-01 00:00:00.000260901,CHF,-22876,36088
1970-01-01 00:00:00.000260901,10Y UST,-909275,885381
1970-01-01 00:00:00.000260901,AUD,-39406,18810
1970-01-01 00:00:00.000260901,Cocoa,-714,-3714
1970-01-01 00:00:00.000260901,Sugar,131525,-191098
1970-01-01 00:00:00.000260901,Russell 2000,-71663,68101
1970-01-01 00:00:00.000260901,Coffee,23979,-26295
1970-01-01 00:00:00.000260901,EUR,-24925,-8727
1970-01-01 00:00:00.000260901,USD Index,17025,-18724
1970-01-01 00:00:00.000260901,Silver,26739,-45280
1970-01-01 00:00:00.000260901,Nasdaq,25890,-45420
1970-01-01 00:00:00.000260908,Coffee,18001,-19640
1970-01-01 00:00:00.000260908,Silver,26049,-44908
1970-01-01 00:00:00.000260908,Sugar,158186,-213029
1970-01-01 00:00:00.000260908,BTC,1524,-2061
1970-01-01 00:00:00.000260908,Wheat,10470,-12548
1970-01-01 00:00:00.000260908,Crude Oil,136579,-166185
1970-01-01 00:00:00.000260908,Gold,231960,-270274
1970-01-01 00:00:00.000260908,Cocoa,-6517,3206
1970-01-01 00:00:00.000260908,Copper,92476,-104644
1970-01-01 00:00:00.000260908,Nasdaq,20895,-41018
1970-01-01 00:00:00.000260908,EUR,-42616,6730
1970-01-01 00:00:00.000260908,USD Index,17604,-19188
1970-01-01 00:00:00.000260908,SPX,-76036,-50017
1970-01-01 00:00:00.000260908,Russell 2000,-82835,77130
1970-01-01 00:00:00.000260908,AUD,-34870,15684
1970-01-01 00:00:00.000260908,10Y UST,-834783,838172
1970-01-01 00:00:00.000260908,CHF,-29985,41504
1970-01-01 00:00:00.000260908,CAD,-70499,74429
1970-01-01 00:00:00.000260908,Soybeans,273424,-251550
1970-01-01 00:00:00.000260908,JPY,10796,-14041
1970-01-01 00:00:00.000260908,VIX,-94829,90200
1970-01-01 00:00:00.000260908,GBP,-58836,57102
1970-01-01 00:00:00.000260908,Corn,542999,-470605
